route_id,agency_name,origin_name,origin_lat,origin_lon,destination_name,destination_lat,destination_lon,avg_journey_min
QC_CTB_LCB,QC,CASTLEBAY,56.954430,-7.486427,LOCHBOISDALE,57.153102,-7.303933,735.0
QC_LCB_CTB,QC,LOCHBOISDALE,57.153102,-7.303933,CASTLEBAY,56.954430,-7.486427,710.0
XC_ABD_PLY,CrossCountry,ABERDEEN,57.143057,-2.097477,PLYMOUTH,50.377826,-4.143320,687.0
XC_PLY_ABD,CrossCountry,PLYMOUTH,50.377826,-4.143320,ABERDEEN,57.143057,-2.097477,672.0
XC_PNZ_EDB,CrossCountry,PENZANCE,50.121686,-5.532398,EDINBURGH,55.952391,-3.188228,654.8
XC_EDB_PNZ,CrossCountry,EDINBURGH,55.952391,-3.188228,PENZANCE,50.121686,-5.532398,638.3
XC_DEE_PLY,CrossCountry,DUNDEE,56.452821,-2.988017,PLYMOUTH,50.377826,-4.143320,623.3
XC_GLC_PLY,CrossCountry,GLASGOW CENT LL,55.858317,-4.259062,PLYMOUTH,50.377826,-4.143320,598.0
XC_PLY_GLC,CrossCountry,PLYMOUTH,50.377826,-4.143320,GLASGOW CENT LL,55.858317,-4.259062,590.3
XC_EDB_PLY,CrossCountry,EDINBURGH,55.952391,-3.188228,PLYMOUTH,50.377826,-4.143320,522.4
XC_PLY_EDB,CrossCountry,PLYMOUTH,50.377826,-4.143320,EDINBURGH,55.952391,-3.188228,522.2
GR_INV_KGX,LNER,INVERNESS,57.480114,-4.223176,LONDON KINGS CROSS,51.530882,-0.122926,488.7
LE_HPQ_HVH,Greater Anglia,HARWICH INTERNATIONAL,51.947747,1.255114,HOEK VAN HOLLAND,51.997799,4.126165,485.0
GR_KGX_INV,LNER,LONDON KINGS CROSS,51.530882,-0.122926,INVERNESS,57.480114,-4.223176,481.7
QC_OBN_LCB,QC,OBAN,56.411698,-5.473779,LOCHBOISDALE,57.153102,-7.303933,450.0
XC_PNZ_LDS,CrossCountry,PENZANCE,50.121686,-5.532398,LEEDS,53.795162,-1.549093,446.0
XC_CDF_EDB,CrossCountry,CARDIFF CENTRAL,51.475239,-3.177755,EDINBURGH,55.952391,-3.188228,444.0
XC_PLY_NCL,CrossCountry,PLYMOUTH,50.377826,-4.143320,NEWCASTLE,54.968221,-1.617282,437.0
XC_NCL_PLY,CrossCountry,NEWCASTLE,54.968221,-1.617282,PLYMOUTH,50.377826,-4.143320,429.6
GR_ABD_KGX,LNER,ABERDEEN,57.143057,-2.097477,LONDON KINGS CROSS,51.530882,-0.122926,427.3
GR_KGX_ABD,LNER,LONDON KINGS CROSS,51.530882,-0.122926,ABERDEEN,57.143057,-2.097477,426.3
XC_EDB_CDF,CrossCountry,EDINBURGH,55.952391,-3.188228,CARDIFF CENTRAL,51.475239,-3.177755,421.0
XC_BRI_EDB,CrossCountry,BRISTOL TEMPLE MEADS,51.449142,-2.581315,EDINBURGH,55.952391,-3.188228,407.0
AW_MAN_PMD,Transport for Wales,MANCHESTER PICCADILLY,53.476707,-2.228978,PEMBROKE DOCK,51.694382,-4.937210,401.8
XC_EDB_BRI,CrossCountry,EDINBURGH,55.952391,-3.188228,BRISTOL TEMPLE MEADS,51.449142,-2.581315,391.7
AW_MFH_MAN,Transport for Wales,MILFORD HAVEN,51.716012,-5.041415,MANCHESTER PICCADILLY,53.476707,-2.228978,381.3
XC_YRK_PLY,CrossCountry,YORK,53.957964,-1.093182,PLYMOUTH,50.377826,-4.143320,378.8
AW_MAN_MFH,Transport for Wales,MANCHESTER PICCADILLY,53.476707,-2.228978,MILFORD HAVEN,51.716012,-5.041415,378.7
XC_PLY_YRK,CrossCountry,PLYMOUTH,50.377826,-4.143320,YORK,53.957964,-1.093182,377.0
AW_FGH_MAN,Transport for Wales,FISHGUARD HARBOUR,52.011541,-4.985642,MANCHESTER PICCADILLY,53.476707,-2.228978,372.8
LF_STG_EUS,LF,STIRLING,56.119063,-3.934890,LONDON EUSTON,51.528370,-0.134563,366.1
AW_MAN_FGH,Transport for Wales,MANCHESTER PICCADILLY,53.476707,-2.228978,FISHGUARD HARBOUR,52.011541,-4.985642,359.7
LF_EUS_STG,LF,LONDON EUSTON,51.528370,-0.134563,STIRLING,56.119063,-3.934890,357.2
VT_EDB_EUS,Avanti West Coast,EDINBURGH,55.952391,-3.188228,LONDON EUSTON,51.528370,-0.134563,354.7
VT_EUS_EDB,Avanti West Coast,LONDON EUSTON,51.528370,-0.134563,EDINBURGH,55.952391,-3.188228,348.8
AW_CRE_MFH,Transport for Wales,CREWE,53.089623,-2.432969,MILFORD HAVEN,51.716012,-5.041415,346.8
XC_PLY_LDS,CrossCountry,PLYMOUTH,50.377826,-4.143320,LEEDS,53.795162,-1.549093,345.1
QC_LCB_OBN,QC,LOCHBOISDALE,57.153102,-7.303933,OBAN,56.411698,-5.473779,345.0
GW_CDF_PNZ,Great Western Railway,CARDIFF CENTRAL,51.475239,-3.177755,PENZANCE,50.121686,-5.532398,342.0
XC_LDS_PLY,CrossCountry,LEEDS,53.795162,-1.549093,PLYMOUTH,50.377826,-4.143320,341.1
XC_PNZ_BHM,CrossCountry,PENZANCE,50.121686,-5.532398,BIRMINGHAM NEW STREET,52.478184,-1.898364,341.0
LE_HVH_HPQ,Greater Anglia,HOEK VAN HOLLAND,51.997799,4.126165,HARWICH INTERNATIONAL,51.947747,1.255114,340.0
EM_NRW_LIV,East Midlands Railway,NORWICH,52.627152,1.306820,LIVERPOOL LIME STREET,53.407307,-2.977726,337.2
XC_SOU_NCL,CrossCountry,SOUTHAMPTON CENTRAL,50.907799,-1.413975,NEWCASTLE,54.968221,-1.617282,332.5
GW_PNZ_CDF,Great Western Railway,PENZANCE,50.121686,-5.532398,CARDIFF CENTRAL,51.475239,-3.177755,331.0
LD_GLQ_KGX,LD,GLASGOW QS LL,55.862055,-4.251288,LONDON KINGS CROSS,51.530882,-0.122926,330.5
LD_KGX_GLQ,LD,LONDON KINGS CROSS,51.530882,-0.122926,GLASGOW QS LL,55.862055,-4.251288,325.0
SR_MLG_GLQ,ScotRail,MALLAIG,57.007313,-5.827426,GLASGOW QS LL,55.862055,-4.251288,324.5
EM_LIV_NRW,East Midlands Railway,LIVERPOOL LIME STREET,53.407307,-2.977726,NORWICH,52.627152,1.306820,322.8
AW_CMN_MAN,Transport for Wales,CARMARTHEN,51.853267,-4.305666,MANCHESTER PICCADILLY,53.476707,-2.228978,320.2
QC_OBN_CTB,QC,OBAN,56.411698,-5.473779,CASTLEBAY,56.954430,-7.486427,318.8
AW_MAN_CMN,Transport for Wales,MANCHESTER PICCADILLY,53.476707,-2.228978,CARMARTHEN,51.853267,-4.305666,317.9
GW_PNZ_PAD,Great Western Railway,PENZANCE,50.121686,-5.532398,LONDON PADDINGTON,51.516445,-0.176848,316.6
XC_BRI_SSD,CrossCountry,BRISTOL TEMPLE MEADS,51.449142,-2.581315,STANSTED AIRPORT,51.890222,0.301838,315.0
XC_EDB_BHM,CrossCountry,EDINBURGH,55.952391,-3.188228,BIRMINGHAM NEW STREET,52.478184,-1.898364,314.5
XC_BHM_PNZ,CrossCountry,BIRMINGHAM NEW STREET,52.478184,-1.898364,PENZANCE,50.121686,-5.532398,314.0
GW_NQY_PAD,Great Western Railway,NEWQUAY,50.415367,-5.075531,LONDON PADDINGTON,51.516445,-0.176848,311.2
GW_PMD_PAD,Great Western Railway,PEMBROKE DOCK,51.694382,-4.937210,LONDON PADDINGTON,51.516445,-0.176848,310.5
GW_PAD_PNZ,Great Western Railway,LONDON PADDINGTON,51.516445,-0.176848,PENZANCE,50.121686,-5.532398,310.3
QC_CTB_OBN,QC,CASTLEBAY,56.954430,-7.486427,OBAN,56.411698,-5.473779,308.1
XC_BHM_EDB,CrossCountry,BIRMINGHAM NEW STREET,52.478184,-1.898364,EDINBURGH,55.952391,-3.188228,307.2
GW_PAD_NQY,Great Western Railway,LONDON PADDINGTON,51.516445,-0.176848,NEWQUAY,50.415367,-5.075531,307.0
CS_EDB_FTW,Caledonian Sleeper,EDINBURGH,55.952391,-3.188228,FORT WILLIAM,56.820556,-5.106661,305.0
VT_GLC_EUS,Avanti West Coast,GLASGOW CENT LL,55.858317,-4.259062,LONDON EUSTON,51.528370,-0.134563,303.3
AW_SHR_MFH,Transport for Wales,SHREWSBURY,52.711393,-2.748938,MILFORD HAVEN,51.716012,-5.041415,303.0
GW_PAD_PMD,Great Western Railway,LONDON PADDINGTON,51.516445,-0.176848,PEMBROKE DOCK,51.694382,-4.937210,302.0
XC_PLY_MAN,CrossCountry,PLYMOUTH,50.377826,-4.143320,MANCHESTER PICCADILLY,53.476707,-2.228978,300.0
VT_EUS_GLC,Avanti West Coast,LONDON EUSTON,51.528370,-0.134563,GLASGOW CENT LL,55.858317,-4.259062,299.5
XC_PGN_MAN,CrossCountry,PAIGNTON,50.434724,-3.564313,MANCHESTER PICCADILLY,53.476707,-2.228978,298.2
XC_MAN_PGN,CrossCountry,MANCHESTER PICCADILLY,53.476707,-2.228978,PAIGNTON,50.434724,-3.564313,297.1
XC_MAN_BMH,CrossCountry,MANCHESTER PICCADILLY,53.476707,-2.228978,BOURNEMOUTH,50.727541,-1.863935,294.0
AW_CDF_HHD,Transport for Wales,CARDIFF CENTRAL,51.475239,-3.177755,HOLYHEAD,53.307682,-4.631002,293.1
AW_HHD_CDF,Transport for Wales,HOLYHEAD,53.307682,-4.631002,CARDIFF CENTRAL,51.475239,-3.177755,291.7
XC_BMH_MAN,CrossCountry,BOURNEMOUTH,50.727541,-1.863935,MANCHESTER PICCADILLY,53.476707,-2.228978,286.7
XC_RDG_NCL,CrossCountry,READING,51.458684,-0.973708,NEWCASTLE,54.968221,-1.617282,285.2
AW_SHR_FGH,Transport for Wales,SHREWSBURY,52.711393,-2.748938,FISHGUARD HARBOUR,52.011541,-4.985642,281.1
EM_NRW_MAN,East Midlands Railway,NORWICH,52.627152,1.306820,MANCHESTER PICCADILLY,53.476707,-2.228978,279.2
NT_CAR_NOT,Northern,CARLISLE,54.890646,-2.933815,NOTTINGHAM,52.948012,-1.145694,278.5
XC_NCL_RDG,CrossCountry,NEWCASTLE,54.968221,-1.617282,READING,51.458684,-0.973708,277.0
XC_DBY_PLY,CrossCountry,DERBY,52.916608,-1.463086,PLYMOUTH,50.377826,-4.143320,277.0
XC_GCR_SSD,CrossCountry,GLOUCESTER,51.867536,-2.238135,STANSTED AIRPORT,51.890222,0.301838,274.0
XC_NOT_BMH,CrossCountry,NOTTINGHAM,52.948012,-1.145694,BOURNEMOUTH,50.727541,-1.863935,272.5
EM_MAN_NRW,East Midlands Railway,MANCHESTER PICCADILLY,53.476707,-2.228978,NORWICH,52.627152,1.306820,271.0
GW_BRI_NQY,Great Western Railway,BRISTOL TEMPLE MEADS,51.449142,-2.581315,NEWQUAY,50.415367,-5.075531,271.0
AW_SWA_MAN,Transport for Wales,SWANSEA,51.625144,-3.941546,MANCHESTER PICCADILLY,53.476707,-2.228978,267.6
AW_MAN_SWA,Transport for Wales,MANCHESTER PICCADILLY,53.476707,-2.228978,SWANSEA,51.625144,-3.941546,264.8
SR_WCK_INV,ScotRail,WICK,58.441692,-3.097976,INVERNESS,57.480114,-4.223176,263.5
SR_INV_WCK,ScotRail,INVERNESS,57.480114,-4.223176,WICK,58.441692,-3.097976,262.6
AW_HHD_BHI,Transport for Wales,HOLYHEAD,53.307682,-4.631002,BIRMINGHAM INTERNATIONAL,52.451837,-1.724791,261.6
GR_EDB_KGX,LNER,EDINBURGH,55.952391,-3.188228,LONDON KINGS CROSS,51.530882,-0.122926,258.1
XC_MAN_SOU,CrossCountry,MANCHESTER PICCADILLY,53.476707,-2.228978,SOUTHAMPTON CENTRAL,50.907799,-1.413975,258.0
LD_EDB_KGX,LD,EDINBURGH,55.952391,-3.188228,LONDON KINGS CROSS,51.530882,-0.122926,257.2
AW_CMN_SHR,Transport for Wales,CARMARTHEN,51.853267,-4.305666,SHREWSBURY,52.711393,-2.748938,256.0
GW_NQY_BRI,Great Western Railway,NEWQUAY,50.415367,-5.075531,BRISTOL TEMPLE MEADS,51.449142,-2.581315,256.0
LD_KGX_EDB,LD,LONDON KINGS CROSS,51.530882,-0.122926,EDINBURGH,55.952391,-3.188228,256.0
GR_KGX_EDB,LNER,LONDON KINGS CROSS,51.530882,-0.122926,EDINBURGH,55.952391,-3.188228,255.1
XC_PLY_DBY,CrossCountry,PLYMOUTH,50.377826,-4.143320,DERBY,52.916608,-1.463086,255.0
VT_BHM_EDB,Avanti West Coast,BIRMINGHAM NEW STREET,52.478184,-1.898364,EDINBURGH,55.952391,-3.188228,253.8
XC_SOU_MAN,CrossCountry,SOUTHAMPTON CENTRAL,50.907799,-1.413975,MANCHESTER PICCADILLY,53.476707,-2.228978,253.6
SR_GLQ_ELG,ScotRail,GLASGOW QS LL,55.862055,-4.251288,ELGIN,57.642913,-3.311631,253.5
AW_SHR_SWA,Transport for Wales,SHREWSBURY,52.711393,-2.748938,SWANSEA,51.625144,-3.941546,253.1
VT_BHM_GLC,Avanti West Coast,BIRMINGHAM NEW STREET,52.478184,-1.898364,GLASGOW CENT LL,55.858317,-4.259062,252.7
AW_HHD_BHM,Transport for Wales,HOLYHEAD,53.307682,-4.631002,BIRMINGHAM NEW STREET,52.478184,-1.898364,251.0
AW_BHI_HHD,Transport for Wales,BIRMINGHAM INTERNATIONAL,52.451837,-1.724791,HOLYHEAD,53.307682,-4.631002,250.1
VT_EDB_BHM,Avanti West Coast,EDINBURGH,55.952391,-3.188228,BIRMINGHAM NEW STREET,52.478184,-1.898364,249.5
VT_GLC_BHM,Avanti West Coast,GLASGOW CENT LL,55.858317,-4.259062,BIRMINGHAM NEW STREET,52.478184,-1.898364,248.0
VT_WVH_GLC,Avanti West Coast,WOLVERHAMPTON,52.587843,-2.119515,GLASGOW CENT LL,55.858317,-4.259062,246.0
GW_BRI_PNZ,Great Western Railway,BRISTOL TEMPLE MEADS,51.449142,-2.581315,PENZANCE,50.121686,-5.532398,246.0
AW_SWA_SHR,Transport for Wales,SWANSEA,51.625144,-3.941546,SHREWSBURY,52.711393,-2.748938,245.2
NT_CAR_PRE,Northern,CARLISLE,54.890646,-2.933815,PRESTON,53.755266,-2.708238,241.5
CS_FTW_DMR,Caledonian Sleeper,FORT WILLIAM,56.820556,-5.106661,DALMUIR,55.911742,-4.426989,241.4
XC_BRI_PNZ,CrossCountry,BRISTOL TEMPLE MEADS,51.449142,-2.581315,PENZANCE,50.121686,-5.532398,241.0
EM_PBO_LIV,East Midlands Railway,PETERBOROUGH,52.574974,-0.249837,LIVERPOOL LIME STREET,53.407307,-2.977726,240.0
AW_CDF_LLJ,Transport for Wales,CARDIFF CENTRAL,51.475239,-3.177755,LLANDUDNO JUNCTION,53.283433,-3.808900,239.3
XC_PNZ_BRI,CrossCountry,PENZANCE,50.121686,-5.532398,BRISTOL TEMPLE MEADS,51.449142,-2.581315,239.0
AW_HFD_FGH,Transport for Wales,HEREFORD,52.060743,-2.708831,FISHGUARD HARBOUR,52.011541,-4.985642,237.0
GR_BWK_KGX,LNER,BERWICK-UPON-TWEED,55.774830,-2.011133,LONDON KINGS CROSS,51.530882,-0.122926,235.5
NT_CKL_MIA,Northern,CORKICKLE,54.541490,-3.582775,MANCHESTER AIRPORT,53.361571,-2.268930,232.5
AW_BNG_AYW,Transport for Wales,BANGOR (GWYNEDD),53.222281,-4.135880,ABERYSTWYTH,52.414043,-4.081893,232.0
SR_DEE_INV,ScotRail,DUNDEE,56.452821,-2.988017,INVERNESS,57.480114,-4.223176,231.0
VT_EUS_HHD,Avanti West Coast,LONDON EUSTON,51.528370,-0.134563,HOLYHEAD,53.307682,-4.631002,230.9
AW_AYW_BNG,Transport for Wales,ABERYSTWYTH,52.414043,-4.081893,BANGOR (GWYNEDD),53.222281,-4.135880,229.8
EM_LIV_SLR,East Midlands Railway,LIVERPOOL LIME STREET,53.407307,-2.977726,SLEAFORD,52.995290,-0.410205,229.0
XC_SHF_EDB,CrossCountry,SHEFFIELD,53.378646,-1.463308,EDINBURGH,55.952391,-3.188228,229.0
GW_CMN_PAD,Great Western Railway,CARMARTHEN,51.853267,-4.305666,LONDON PADDINGTON,51.516445,-0.176848,228.7
VT_HHD_EUS,Avanti West Coast,HOLYHEAD,53.307682,-4.631002,LONDON EUSTON,51.528370,-0.134563,228.7
NT_MIA_CKL,Northern,MANCHESTER AIRPORT,53.361571,-2.268930,CORKICKLE,54.541490,-3.582775,227.6
AW_FGH_RSB,Transport for Wales,FISHGUARD HARBOUR,52.011541,-4.985642,ROSSLARE EUROPORT (CIE,52.247799,-6.352659,225.0
VT_HHB_DGS,Avanti West Coast,HEYSHAM PORT,54.032503,-2.914474,DOUGLAS IOM,54.148093,-4.472702,225.0
LF_STG_CRE,LF,STIRLING,56.119063,-3.934890,CREWE,53.089623,-2.432969,225.0
VT_DGS_HHB,Avanti West Coast,DOUGLAS IOM,54.148093,-4.472702,HEYSHAM PORT,54.032503,-2.914474,225.0
EM_NRW_SHF,East Midlands Railway,NORWICH,52.627152,1.306820,SHEFFIELD,53.378646,-1.463308,225.0
GW_PAD_CMN,Great Western Railway,LONDON PADDINGTON,51.516445,-0.176848,CARMARTHEN,51.853267,-4.305666,221.4
SR_INV_EDB,ScotRail,INVERNESS,57.480114,-4.223176,EDINBURGH,55.952391,-3.188228,221.2
SR_GLQ_INV,ScotRail,GLASGOW QS LL,55.862055,-4.251288,INVERNESS,57.480114,-4.223176,220.7
NT_CAR_LAN,Northern,CARLISLE,54.890646,-2.933815,LANCASTER,54.048546,-2.807912,220.1
TP_GLC_MIA,TransPennine Express,GLASGOW CENT LL,55.858317,-4.259062,MANCHESTER AIRPORT,53.361571,-2.268930,217.7
SR_EDB_INV,ScotRail,EDINBURGH,55.952391,-3.188228,INVERNESS,57.480114,-4.223176,217.2
TP_GLC_LIV,TransPennine Express,GLASGOW CENT LL,55.858317,-4.259062,LIVERPOOL LIME STREET,53.407307,-2.977726,216.6
VT_DGS_LVS,Avanti West Coast,DOUGLAS IOM,54.148093,-4.472702,LIVERPOOL LND SG,53.447486,-3.010269,216.2
XC_RDG_YRK,CrossCountry,READING,51.458684,-0.973708,YORK,53.957964,-1.093182,215.8
TP_MIA_GLC,TransPennine Express,MANCHESTER AIRPORT,53.361571,-2.268930,GLASGOW CENT LL,55.858317,-4.259062,215.8
GW_CNM_WEY,Great Western Railway,CHELTENHAM SPA,51.896505,-2.100228,WEYMOUTH,50.615220,-2.455069,215.5
TP_CLE_LIV,TransPennine Express,CLEETHORPES,53.563170,-0.029615,LIVERPOOL LIME STREET,53.407307,-2.977726,215.5
GC_SUN_KGX,Grand Central,SUNDERLAND,54.906147,-1.382370,LONDON KINGS CROSS,51.530882,-0.122926,215.1
TP_LIV_CLE,TransPennine Express,LIVERPOOL LIME STREET,53.407307,-2.977726,CLEETHORPES,53.563170,-0.029615,214.7
NT_SHF_CAR,Northern,SHEFFIELD,53.378646,-1.463308,CARLISLE,54.890646,-2.933815,214.5
NT_LAN_CAR,Northern,LANCASTER,54.048546,-2.807912,CARLISLE,54.890646,-2.933815,214.4
AW_DPS_HHD,Transport for Wales,DUBLIN PORT STENA,53.332556,-6.208534,HOLYHEAD,53.307682,-4.631002,213.8
XC_YRK_RDG,CrossCountry,YORK,53.957964,-1.093182,READING,51.458684,-0.973708,213.3
TP_MIA_EDB,TransPennine Express,MANCHESTER AIRPORT,53.361571,-2.268930,EDINBURGH,55.952391,-3.188228,213.2
GW_CDF_PLY,Great Western Railway,CARDIFF CENTRAL,51.475239,-3.177755,PLYMOUTH,50.377826,-4.143320,213.0
EM_SHF_NRW,East Midlands Railway,SHEFFIELD,53.378646,-1.463308,NORWICH,52.627152,1.306820,212.2
AW_PMD_CDF,Transport for Wales,PEMBROKE DOCK,51.694382,-4.937210,CARDIFF CENTRAL,51.475239,-3.177755,212.1
QC_LCB_MLG,QC,LOCHBOISDALE,57.153102,-7.303933,MALLAIG,57.007313,-5.827426,211.7
XC_PLY_BHM,CrossCountry,PLYMOUTH,50.377826,-4.143320,BIRMINGHAM NEW STREET,52.478184,-1.898364,210.5
AW_RSB_FGH,Transport for Wales,ROSSLARE EUROPORT (CIE,52.247799,-6.352659,FISHGUARD HARBOUR,52.011541,-4.985642,210.0
AW_BHI_LLD,Transport for Wales,BIRMINGHAM INTERNATIONAL,52.451837,-1.724791,LLANDUDNO,53.320915,-3.827001,210.0
TP_EDB_MIA,TransPennine Express,EDINBURGH,55.952391,-3.188228,MANCHESTER AIRPORT,53.361571,-2.268930,209.9
SE_FAV_CHX,Southeastern,FAVERSHAM,51.311491,0.891246,LONDON CHARING CROSS,51.508415,-0.123850,209.0
GW_PMS_CDF,Great Western Railway,PORTSMOUTH & SOUTHSEA,50.797815,-1.090413,CARDIFF CENTRAL,51.475239,-3.177755,209.0
SW_EXD_WAT,South Western Railway,EXETER ST DAVIDS,50.729079,-3.544342,LONDON WATERLOO,51.501916,-0.111149,208.4
VT_BPN_EUS,Avanti West Coast,BLACKPOOL NORTH,53.821074,-3.049618,LONDON EUSTON,51.528370,-0.134563,207.0
GW_PMH_CDF,Great Western Railway,PORTSMOUTH HARBOUR,50.796159,-1.108891,CARDIFF CENTRAL,51.475239,-3.177755,206.9
SR_INV_GLQ,ScotRail,INVERNESS,57.480114,-4.223176,GLASGOW QS LL,55.862055,-4.251288,206.4
GW_WEY_GCR,Great Western Railway,WEYMOUTH,50.615220,-2.455069,GLOUCESTER,51.867536,-2.238135,206.4
TP_LIV_GLC,TransPennine Express,LIVERPOOL LIME STREET,53.407307,-2.977726,GLASGOW CENT LL,55.858317,-4.259062,206.4
GW_PLY_PAD,Great Western Railway,PLYMOUTH,50.377826,-4.143320,LONDON PADDINGTON,51.516445,-0.176848,206.0
GW_PGN_CDF,Great Western Railway,PAIGNTON,50.434724,-3.564313,CARDIFF CENTRAL,51.475239,-3.177755,206.0
TP_MAN_GLC,TransPennine Express,MANCHESTER PICCADILLY,53.476707,-2.228978,GLASGOW CENT LL,55.858317,-4.259062,206.0
SR_MLG_CNR,ScotRail,MALLAIG,57.007313,-5.827426,CRIANLARICH,56.389591,-4.617725,205.5
NT_CNF_CAR,Northern,CARNFORTH,54.129676,-2.771232,CARLISLE,54.890646,-2.933815,205.0
AW_LLJ_BHI,Transport for Wales,LLANDUDNO JUNCTION,53.283433,-3.808900,BIRMINGHAM INTERNATIONAL,52.451837,-1.724791,204.4
AW_AYW_BHI,Transport for Wales,ABERYSTWYTH,52.414043,-4.081893,BIRMINGHAM INTERNATIONAL,52.451837,-1.724791,204.3
GC_KGX_SUN,Grand Central,LONDON KINGS CROSS,51.530882,-0.122926,SUNDERLAND,54.906147,-1.382370,204.2
SW_WAT_EXD,South Western Railway,LONDON WATERLOO,51.501916,-0.111149,EXETER ST DAVIDS,50.729079,-3.544342,204.1
GW_CDF_PMH,Great Western Railway,CARDIFF CENTRAL,51.475239,-3.177755,PORTSMOUTH HARBOUR,50.796159,-1.108891,204.1
TP_SLB_MIA,TransPennine Express,SALTBURN,54.583450,-0.974133,MANCHESTER AIRPORT,53.361571,-2.268930,203.6
AW_NWP_MFH,Transport for Wales,NEWPORT (SOUTH WALES),51.595589,-2.998961,MILFORD HAVEN,51.716012,-5.041415,203.0
GW_PAD_PLY,Great Western Railway,LONDON PADDINGTON,51.516445,-0.176848,PLYMOUTH,50.377826,-4.143320,202.9
AW_CDF_MAN,Transport for Wales,CARDIFF CENTRAL,51.475239,-3.177755,MANCHESTER PICCADILLY,53.476707,-2.228978,202.9
GW_WEY_CDF,Great Western Railway,WEYMOUTH,50.615220,-2.455069,CARDIFF CENTRAL,51.475239,-3.177755,202.0
NT_CAR_SLB,Northern,CARLISLE,54.890646,-2.933815,SALTBURN,54.583450,-0.974133,201.5
GW_PLY_CDF,Great Western Railway,PLYMOUTH,50.377826,-4.143320,CARDIFF CENTRAL,51.475239,-3.177755,201.2
GW_GCR_WEY,Great Western Railway,GLOUCESTER,51.867536,-2.238135,WEYMOUTH,50.615220,-2.455069,201.0
AW_LLD_BHM,Transport for Wales,LLANDUDNO,53.320915,-3.827001,BIRMINGHAM NEW STREET,52.478184,-1.898364,201.0
XC_BHM_PLY,CrossCountry,BIRMINGHAM NEW STREET,52.478184,-1.898364,PLYMOUTH,50.377826,-4.143320,201.0
EM_CLE_MAT,East Midlands Railway,CLEETHORPES,53.563170,-0.029615,MATLOCK,53.138137,-1.558988,200.8
TP_SCA_MIA,TransPennine Express,SCARBOROUGH,54.279790,-0.405703,MANCHESTER AIRPORT,53.361571,-2.268930,200.0
AW_CFS_AYW,Transport for Wales,CAERNARFON BUS STATION,53.139709,-4.273821,ABERYSTWYTH,52.414043,-4.081893,200.0
XC_BHM_SSD,CrossCountry,BIRMINGHAM NEW STREET,52.478184,-1.898364,STANSTED AIRPORT,51.890222,0.301838,199.5
GW_PGN_PAD,Great Western Railway,PAIGNTON,50.434724,-3.564313,LONDON PADDINGTON,51.516445,-0.176848,199.1
AW_CDF_PMD,Transport for Wales,CARDIFF CENTRAL,51.475239,-3.177755,PEMBROKE DOCK,51.694382,-4.937210,199.1
SR_CNR_MLG,ScotRail,CRIANLARICH,56.389591,-4.617725,MALLAIG,57.007313,-5.827426,198.5
AW_MAN_CDF,Transport for Wales,MANCHESTER PICCADILLY,53.476707,-2.228978,CARDIFF CENTRAL,51.475239,-3.177755,198.1
TP_MIA_SLB,TransPennine Express,MANCHESTER AIRPORT,53.361571,-2.268930,SALTBURN,54.583450,-0.974133,197.8
VT_GLC_CRE,Avanti West Coast,GLASGOW CENT LL,55.858317,-4.259062,CREWE,53.089623,-2.432969,197.8
AW_MIA_HHD,Transport for Wales,MANCHESTER AIRPORT,53.361571,-2.268930,HOLYHEAD,53.307682,-4.631002,197.5
EM_NRW_DBY,East Midlands Railway,NORWICH,52.627152,1.306820,DERBY,52.916608,-1.463086,197.2
SW_WAT_WSB,South Western Railway,LONDON WATERLOO,51.501916,-0.111149,WESTBURY,51.266984,-2.199182,197.0
XC_NOT_CDF,CrossCountry,NOTTINGHAM,52.948012,-1.145694,CARDIFF CENTRAL,51.475239,-3.177755,197.0
XC_BHM_BMH,CrossCountry,BIRMINGHAM NEW STREET,52.478184,-1.898364,BOURNEMOUTH,50.727541,-1.863935,196.5
XC_CDF_NOT,CrossCountry,CARDIFF CENTRAL,51.475239,-3.177755,NOTTINGHAM,52.948012,-1.145694,196.0
AW_NWP_FGH,Transport for Wales,NEWPORT (SOUTH WALES),51.595589,-2.998961,FISHGUARD HARBOUR,52.011541,-4.985642,195.0
XC_RDG_MAN,CrossCountry,READING,51.458684,-0.973708,MANCHESTER PICCADILLY,53.476707,-2.228978,195.0
AW_HHD_DPS,Transport for Wales,HOLYHEAD,53.307682,-4.631002,DUBLIN PORT STENA,53.332556,-6.208534,195.0
AW_BHI_AYW,Transport for Wales,BIRMINGHAM INTERNATIONAL,52.451837,-1.724791,ABERYSTWYTH,52.414043,-4.081893,194.8
XC_SSD_BHM,CrossCountry,STANSTED AIRPORT,51.890222,0.301838,BIRMINGHAM NEW STREET,52.478184,-1.898364,193.9
XC_MAN_RDG,CrossCountry,MANCHESTER PICCADILLY,53.476707,-2.228978,READING,51.458684,-0.973708,193.5
VT_EUS_BPN,Avanti West Coast,LONDON EUSTON,51.528370,-0.134563,BLACKPOOL NORTH,53.821074,-3.049618,193.3
VT_LAN_EUS,Avanti West Coast,LANCASTER,54.048546,-2.807912,LONDON EUSTON,51.528370,-0.134563,193.0
LD_KGX_NCL,LD,LONDON KINGS CROSS,51.530882,-0.122926,NEWCASTLE,54.968221,-1.617282,193.0
GW_EXD_PNZ,Great Western Railway,EXETER ST DAVIDS,50.729079,-3.544342,PENZANCE,50.121686,-5.532398,192.6
AW_AYW_CFS,Transport for Wales,ABERYSTWYTH,52.414043,-4.081893,CAERNARFON BUS STATION,53.139709,-4.273821,192.0
AW_HHD_MIA,Transport for Wales,HOLYHEAD,53.307682,-4.631002,MANCHESTER AIRPORT,53.361571,-2.268930,191.9
GW_PAD_PGN,Great Western Railway,LONDON PADDINGTON,51.516445,-0.176848,PAIGNTON,50.434724,-3.564313,191.6
TP_RCC_MIA,TransPennine Express,REDCAR CENTRAL,54.615686,-1.070880,MANCHESTER AIRPORT,53.361571,-2.268930,191.4
EM_MAT_CLE,East Midlands Railway,MATLOCK,53.138137,-1.558988,CLEETHORPES,53.563170,-0.029615,190.2
XC_BHM_PGN,CrossCountry,BIRMINGHAM NEW STREET,52.478184,-1.898364,PAIGNTON,50.434724,-3.564313,190.0
AW_SHR_CDF,Transport for Wales,SHREWSBURY,52.711393,-2.748938,CARDIFF CENTRAL,51.475239,-3.177755,189.7
GW_SAL_WOF,Great Western Railway,SALISBURY,51.070968,-1.805843,WORCESTER FOREGATE STREET,52.194829,-2.220863,189.0
GW_PNZ_EXD,Great Western Railway,PENZANCE,50.121686,-5.532398,EXETER ST DAVIDS,50.729079,-3.544342,188.1
AW_LLJ_BHM,Transport for Wales,LLANDUDNO JUNCTION,53.283433,-3.808900,BIRMINGHAM NEW STREET,52.478184,-1.898364,188.0
TP_MIA_CLE,TransPennine Express,MANCHESTER AIRPORT,53.361571,-2.268930,CLEETHORPES,53.563170,-0.029615,187.5
TP_MIA_RCC,TransPennine Express,MANCHESTER AIRPORT,53.361571,-2.268930,REDCAR CENTRAL,54.615686,-1.070880,187.2
GW_PLY_GCR,Great Western Railway,PLYMOUTH,50.377826,-4.143320,GLOUCESTER,51.867536,-2.238135,187.0
SR_OBN_GLQ,ScotRail,OBAN,56.411698,-5.473779,GLASGOW QS LL,55.862055,-4.251288,186.7
AW_BHI_LLJ,Transport for Wales,BIRMINGHAM INTERNATIONAL,52.451837,-1.724791,LLANDUDNO JUNCTION,53.283433,-3.808900,186.1
GR_KGX_SKI,LNER,LONDON KINGS CROSS,51.530882,-0.122926,SKIPTON,53.958685,-2.025872,186.0
NT_MIA_MLM,Northern,MANCHESTER AIRPORT,53.361571,-2.268930,MILLOM,54.210822,-3.271084,186.0
XC_MAN_BRI,CrossCountry,MANCHESTER PICCADILLY,53.476707,-2.228978,BRISTOL TEMPLE MEADS,51.449142,-2.581315,185.9
SR_GLQ_OBN,ScotRail,GLASGOW QS LL,55.862055,-4.251288,OBAN,56.411698,-5.473779,185.7
LD_NCL_KGX,LD,NEWCASTLE,54.968221,-1.617282,LONDON KINGS CROSS,51.530882,-0.122926,185.3
NT_MLM_MIA,Northern,MILLOM,54.210822,-3.271084,MANCHESTER AIRPORT,53.361571,-2.268930,185.0
SR_INR_GLQ,ScotRail,INVERURIE,57.286267,-2.373228,GLASGOW QS LL,55.862055,-4.251288,185.0
EM_GMB_MAT,East Midlands Railway,GRIMSBY TOWN,53.564101,-0.086954,MATLOCK,53.138137,-1.558988,184.7
GR_NCL_KGX,LNER,NEWCASTLE,54.968221,-1.617282,LONDON KINGS CROSS,51.530882,-0.122926,184.5
XC_BMH_BHM,CrossCountry,BOURNEMOUTH,50.727541,-1.863935,BIRMINGHAM NEW STREET,52.478184,-1.898364,184.0
GW_HFD_PAD,Great Western Railway,HEREFORD,52.060743,-2.708831,LONDON PADDINGTON,51.516445,-0.176848,183.6
CS_EDB_ABD,Caledonian Sleeper,EDINBURGH,55.952391,-3.188228,ABERDEEN,57.143057,-2.097477,183.6
XC_CDF_LEI,CrossCountry,CARDIFF CENTRAL,51.475239,-3.177755,LEICESTER,52.631423,-1.125275,183.0
VT_HHD_BHM,Avanti West Coast,HOLYHEAD,53.307682,-4.631002,BIRMINGHAM NEW STREET,52.478184,-1.898364,183.0
EM_LCN_CRE,East Midlands Railway,LINCOLN,53.227105,-0.540951,CREWE,53.089623,-2.432969,182.9
EM_CRE_LCN,East Midlands Railway,CREWE,53.089623,-2.432969,LINCOLN,53.227105,-0.540951,182.6
TP_LIV_NCL,TransPennine Express,LIVERPOOL LIME STREET,53.407307,-2.977726,NEWCASTLE,54.968221,-1.617282,182.6
HT_KGX_BEV,Hull Trains,LONDON KINGS CROSS,51.530882,-0.122926,BEVERLEY,53.842284,-0.423892,182.3
GR_KGX_NCL,LNER,LONDON KINGS CROSS,51.530882,-0.122926,NEWCASTLE,54.968221,-1.617282,182.2
GW_EXM_CDF,Great Western Railway,EXMOUTH,50.621003,-3.414981,CARDIFF CENTRAL,51.475239,-3.177755,182.0
AW_AYW_BHM,Transport for Wales,ABERYSTWYTH,52.414043,-4.081893,BIRMINGHAM NEW STREET,52.478184,-1.898364,182.0
TP_NCL_LIV,TransPennine Express,NEWCASTLE,54.968221,-1.617282,LIVERPOOL LIME STREET,53.407307,-2.977726,181.7
TP_MIA_SCA,TransPennine Express,MANCHESTER AIRPORT,53.361571,-2.268930,SCARBOROUGH,54.279790,-0.405703,181.7
GR_SKI_KGX,LNER,SKIPTON,53.958685,-2.025872,LONDON KINGS CROSS,51.530882,-0.122926,181.0
GR_MBR_KGX,LNER,MIDDLESBROUGH,54.579073,-1.232614,LONDON KINGS CROSS,51.530882,-0.122926,181.0
GC_KGX_BDI,Grand Central,LONDON KINGS CROSS,51.530882,-0.122926,BRADFORD INTERCHANGE,53.790354,-1.749509,180.7
CS_ABD_EDB,Caledonian Sleeper,ABERDEEN,57.143057,-2.097477,EDINBURGH,55.952391,-3.188228,180.7
GW_PAD_HFD,Great Western Railway,LONDON PADDINGTON,51.516445,-0.176848,HEREFORD,52.060743,-2.708831,180.4
AW_CDF_CTR,Transport for Wales,CARDIFF CENTRAL,51.475239,-3.177755,CHESTER,53.196824,-2.880120,180.2
AW_CTR_CDF,Transport for Wales,CHESTER,53.196824,-2.880120,CARDIFF CENTRAL,51.475239,-3.177755,180.0
AW_HHD_DFP,Transport for Wales,HOLYHEAD,53.307682,-4.631002,DUBLIN FYPT I.F,53.330478,-6.266935,180.0
XC_BHM_NCL,CrossCountry,BIRMINGHAM NEW STREET,52.478184,-1.898364,NEWCASTLE,54.968221,-1.617282,179.7
HT_BEV_KGX,Hull Trains,BEVERLEY,53.842284,-0.423892,LONDON KINGS CROSS,51.530882,-0.122926,179.4
VT_PRE_EUS,Avanti West Coast,PRESTON,53.755266,-2.708238,LONDON EUSTON,51.528370,-0.134563,179.3
XC_BRI_MAN,CrossCountry,BRISTOL TEMPLE MEADS,51.449142,-2.581315,MANCHESTER PICCADILLY,53.476707,-2.228978,178.9
GR_KGX_MBR,LNER,LONDON KINGS CROSS,51.530882,-0.122926,MIDDLESBROUGH,54.579073,-1.232614,178.5
GW_GCR_SOU,Great Western Railway,GLOUCESTER,51.867536,-2.238135,SOUTHAMPTON CENTRAL,50.907799,-1.413975,178.5
GR_DON_EDB,LNER,DONCASTER,53.521477,-1.140236,EDINBURGH,55.952391,-3.188228,178.2
GC_BDI_KGX,Grand Central,BRADFORD INTERCHANGE,53.790354,-1.749509,LONDON KINGS CROSS,51.530882,-0.122926,178.0
XC_PGN_BHM,CrossCountry,PAIGNTON,50.434724,-3.564313,BIRMINGHAM NEW STREET,52.478184,-1.898364,178.0
XC_LDS_EDB,CrossCountry,LEEDS,53.795162,-1.549093,EDINBURGH,55.952391,-3.188228,178.0
SW_WEY_WAT,South Western Railway,WEYMOUTH,50.615220,-2.455069,LONDON WATERLOO,51.501916,-0.111149,177.9
AW_BHM_AYW,Transport for Wales,BIRMINGHAM NEW STREET,52.478184,-1.898364,ABERYSTWYTH,52.414043,-4.081893,177.0
GW_SAL_WOS,Great Western Railway,SALISBURY,51.070968,-1.805843,WORCESTER SHRUB HILL,52.194848,-2.210623,177.0
NT_LAN_MRY,Northern,LANCASTER,54.048546,-2.807912,MARYPORT,54.711580,-3.494705,176.0
SW_HON_WAT,South Western Railway,HONITON,50.797125,-3.186164,LONDON WATERLOO,51.501916,-0.111149,175.5
NT_NCL_WTB,Northern,NEWCASTLE,54.968221,-1.617282,WHITBY,54.484608,-0.615403,175.3
AW_HHD_SHR,Transport for Wales,HOLYHEAD,53.307682,-4.631002,SHREWSBURY,52.711393,-2.748938,175.0
GR_EDB_DON,LNER,EDINBURGH,55.952391,-3.188228,DONCASTER,53.521477,-1.140236,175.0
EM_NOT_NRW,East Midlands Railway,NOTTINGHAM,52.948012,-1.145694,NORWICH,52.627152,1.306820,174.5
VT_BHM_HHD,Avanti West Coast,BIRMINGHAM NEW STREET,52.478184,-1.898364,HOLYHEAD,53.307682,-4.631002,174.2
SW_WAT_HON,South Western Railway,LONDON WATERLOO,51.501916,-0.111149,HONITON,50.797125,-3.186164,174.0
NT_WTH_BIF,Northern,WHITEHAVEN,54.548616,-3.587689,BARROW-IN-FURNESS,54.118702,-3.226953,174.0
AW_DFP_HHD,Transport for Wales,DUBLIN FYPT I.F,53.330478,-6.266935,HOLYHEAD,53.307682,-4.631002,173.8
NT_WTB_NCL,Northern,WHITBY,54.484608,-0.615403,NEWCASTLE,54.968221,-1.617282,173.8
AW_HHD_MAN,Transport for Wales,HOLYHEAD,53.307682,-4.631002,MANCHESTER PICCADILLY,53.476707,-2.228978,173.6
GR_DEB_PBO,LNER,DEREHAM MARKET PLACE,52.682667,0.941066,PETERBOROUGH,52.574974,-0.249837,172.9
XC_NCL_BHM,CrossCountry,NEWCASTLE,54.968221,-1.617282,BIRMINGHAM NEW STREET,52.478184,-1.898364,172.7
SW_WAT_WEY,South Western Railway,LONDON WATERLOO,51.501916,-0.111149,WEYMOUTH,50.615220,-2.455069,172.1
NT_PRE_CKL,Northern,PRESTON,53.755266,-2.708238,CORKICKLE,54.541490,-3.582775,172.0
GW_SWA_PAD,Great Western Railway,SWANSEA,51.625144,-3.941546,LONDON PADDINGTON,51.516445,-0.176848,171.6
AW_MFH_CDF,Transport for Wales,MILFORD HAVEN,51.716012,-5.041415,CARDIFF CENTRAL,51.475239,-3.177755,171.2
EM_NOT_LIV,East Midlands Railway,NOTTINGHAM,52.948012,-1.145694,LIVERPOOL LIME STREET,53.407307,-2.977726,171.2
EM_AMB_CLE,East Midlands Railway,AMBERGATE,53.060515,-1.480697,CLEETHORPES,53.563170,-0.029615,171.0
AW_CDF_MFH,Transport for Wales,CARDIFF CENTRAL,51.475239,-3.177755,MILFORD HAVEN,51.716012,-5.041415,170.3
LM_EUS_WSL,West Midlands Trains,LONDON EUSTON,51.528370,-0.134563,WALSALL,52.584307,-1.985198,170.0
GR_HUL_KGX,LNER,HULL,53.743271,-0.347231,LONDON KINGS CROSS,51.530882,-0.122926,170.0
NT_NNT_CAR,Northern,NUNTHORPE,54.528334,-1.170212,CARLISLE,54.890646,-2.933815,169.8
LF_PRE_EUS,LF,PRESTON,53.755266,-2.708238,LONDON EUSTON,51.528370,-0.134563,169.3
XC_BHM_CBG,CrossCountry,BIRMINGHAM NEW STREET,52.478184,-1.898364,CAMBRIDGE,52.194558,0.137553,169.2
VT_LVS_DGS,Avanti West Coast,LIVERPOOL LND SG,53.447486,-3.010269,DOUGLAS IOM,54.148093,-4.472702,169.2
TL_BDM_RAI,Thameslink,BEDFORD,52.136683,-0.478943,RAINHAM (KENT),51.366630,0.611672,168.7
GR_HGT_KGX,LNER,HARROGATE,53.991954,-1.537820,LONDON KINGS CROSS,51.530882,-0.122926,168.4
GR_KGX_HGT,LNER,LONDON KINGS CROSS,51.530882,-0.122926,HARROGATE,53.991954,-1.537820,168.3
NT_CKL_PRE,Northern,CORKICKLE,54.541490,-3.582775,PRESTON,53.755266,-2.708238,168.0
NT_SCA_SHF,Northern,SCARBOROUGH,54.279790,-0.405703,SHEFFIELD,53.378646,-1.463308,168.0
TL_PBO_HRH,Thameslink,PETERBOROUGH,52.574974,-0.249837,HORSHAM,51.066236,-0.318764,167.6
EM_LCN_STP,East Midlands Railway,LINCOLN,53.227105,-0.540951,LONDON ST PANCRAS,51.532725,-0.125734,167.5
LE_SSD_LWT,Greater Anglia,STANSTED AIRPORT,51.890222,0.301838,LOWESTOFT,52.473651,1.748949,167.0
TP_CLE_MAN,TransPennine Express,CLEETHORPES,53.563170,-0.029615,MANCHESTER PICCADILLY,53.476707,-2.228978,167.0
GW_PAD_SWA,Great Western Railway,LONDON PADDINGTON,51.516445,-0.176848,SWANSEA,51.625144,-3.941546,166.8
NT_SHF_SCA,Northern,SHEFFIELD,53.378646,-1.463308,SCARBOROUGH,54.279790,-0.405703,166.7
LE_LWT_SSD,Greater Anglia,LOWESTOFT,52.473651,1.748949,STANSTED AIRPORT,51.890222,0.301838,166.0
GW_PMS_BRI,Great Western Railway,PORTSMOUTH & SOUTHSEA,50.797815,-1.090413,BRISTOL TEMPLE MEADS,51.449142,-2.581315,165.3
GW_PNQ_SMQ,Great Western Railway,PENZANCE QUAY,50.117283,-5.529275,ST MARY'S QUAY,49.916000,-6.318554,165.3
GW_SMQ_PNQ,Great Western Railway,ST MARY'S QUAY,49.916000,-6.318554,PENZANCE QUAY,50.117283,-5.529275,165.0
NT_MBR_CAR,Northern,MIDDLESBROUGH,54.579073,-1.232614,CARLISLE,54.890646,-2.933815,164.2
XC_GCR_PLY,CrossCountry,GLOUCESTER,51.867536,-2.238135,PLYMOUTH,50.377826,-4.143320,164.0
SR_GLQ_ABD,ScotRail,GLASGOW QS LL,55.862055,-4.251288,ABERDEEN,57.143057,-2.097477,163.4
VT_EUS_PRE,Avanti West Coast,LONDON EUSTON,51.528370,-0.134563,PRESTON,53.755266,-2.708238,163.2
NT_HUD_LCN,Northern,HUDDERSFIELD,53.648412,-1.785145,LINCOLN,53.227105,-0.540951,163.1
GR_BDQ_KGX,LNER,BRADFORD FORSTER SQUARE,53.795753,-1.752513,LONDON KINGS CROSS,51.530882,-0.122926,163.0
EM_CLE_DBY,East Midlands Railway,CLEETHORPES,53.563170,-0.029615,DERBY,52.916608,-1.463086,163.0
NT_LDS_CAR,Northern,LEEDS,53.795162,-1.549093,CARLISLE,54.890646,-2.933815,162.9
GW_BRI_PMH,Great Western Railway,BRISTOL TEMPLE MEADS,51.449142,-2.581315,PORTSMOUTH HARBOUR,50.796159,-1.108891,162.9
TL_HRH_PBO,Thameslink,HORSHAM,51.066236,-0.318764,PETERBOROUGH,52.574974,-0.249837,162.8
GR_KGX_HUL,LNER,LONDON KINGS CROSS,51.530882,-0.122926,HULL,53.743271,-0.347231,162.3
GR_KGX_BDQ,LNER,LONDON KINGS CROSS,51.530882,-0.122926,BRADFORD FORSTER SQUARE,53.795753,-1.752513,162.2
NT_YRK_BPN,Northern,YORK,53.957964,-1.093182,BLACKPOOL NORTH,53.821074,-3.049618,162.2
TP_MAN_CLE,TransPennine Express,MANCHESTER PICCADILLY,53.476707,-2.228978,CLEETHORPES,53.563170,-0.029615,162.0
GR_EDB_YRK,LNER,EDINBURGH,55.952391,-3.188228,YORK,53.957964,-1.093182,162.0
XC_CDF_DBY,CrossCountry,CARDIFF CENTRAL,51.475239,-3.177755,DERBY,52.916608,-1.463086,162.0
NT_CAR_MBR,Northern,CARLISLE,54.890646,-2.933815,MIDDLESBROUGH,54.579073,-1.232614,161.9
EM_NCT_CRE,East Midlands Railway,NEWARK CASTLE,53.080002,-0.813160,CREWE,53.089623,-2.432969,161.8
SR_KYL_INV,ScotRail,KYLE OF LOCHALSH,57.280487,-5.713005,INVERNESS,57.480114,-4.223176,161.6
XC_CBG_BHM,CrossCountry,CAMBRIDGE,52.194558,0.137553,BIRMINGHAM NEW STREET,52.478184,-1.898364,161.4
AW_FGH_CDF,Transport for Wales,FISHGUARD HARBOUR,52.011541,-4.985642,CARDIFF CENTRAL,51.475239,-3.177755,161.4
SR_INV_KYL,ScotRail,INVERNESS,57.480114,-4.223176,KYLE OF LOCHALSH,57.280487,-5.713005,161.2
SR_ABD_GLQ,ScotRail,ABERDEEN,57.143057,-2.097477,GLASGOW QS LL,55.862055,-4.251288,161.0
SW_WAT_YVP,South Western Railway,LONDON WATERLOO,51.501916,-0.111149,YEOVIL PEN MILL,50.944525,-2.613428,161.0
GW_YVP_GCR,Great Western Railway,YEOVIL PEN MILL,50.944525,-2.613428,GLOUCESTER,51.867536,-2.238135,161.0
GW_EXD_PAD,Great Western Railway,EXETER ST DAVIDS,50.729079,-3.544342,LONDON PADDINGTON,51.516445,-0.176848,160.9
EM_LIV_NOT,East Midlands Railway,LIVERPOOL LIME STREET,53.407307,-2.977726,NOTTINGHAM,52.948012,-1.145694,160.8
NT_SOP_BBN,Northern,SOUTHPORT,53.647098,-3.002933,BLACKBURN,53.746514,-2.479122,160.7
NT_LCN_HUD,Northern,LINCOLN,53.227105,-0.540951,HUDDERSFIELD,53.648412,-1.785145,160.7
TP_MIA_DAR,TransPennine Express,MANCHESTER AIRPORT,53.361571,-2.268930,DARLINGTON,54.520446,-1.547324,160.5
HT_HUL_KGX,Hull Trains,HULL,53.743271,-0.347231,LONDON KINGS CROSS,51.530882,-0.122926,160.5
GW_TAU_PAD,Great Western Railway,TAUNTON,51.023666,-3.102109,LONDON PADDINGTON,51.516445,-0.176848,160.4
EM_NRW_NOT,East Midlands Railway,NORWICH,52.627152,1.306820,NOTTINGHAM,52.948012,-1.145694,160.3
QC_SOY_ULP,QC,STORNOWAY,58.207499,-6.388595,ULLAPOOL,57.895128,-5.160070,160.0
QC_ULP_SOY,QC,ULLAPOOL,57.895128,-5.160070,STORNOWAY,58.207499,-6.388595,160.0
XC_SHF_RDG,CrossCountry,SHEFFIELD,53.378646,-1.463308,READING,51.458684,-0.973708,160.0
SW_BSK_EXD,South Western Railway,BASINGSTOKE,51.268092,-1.086896,EXETER ST DAVIDS,50.729079,-3.544342,160.0
LF_EUS_PRE,LF,LONDON EUSTON,51.528370,-0.134563,PRESTON,53.755266,-2.708238,160.0
NT_SCA_YRK,Northern,SCARBOROUGH,54.279790,-0.405703,YORK,53.957964,-1.093182,160.0
NT_CAR_LDS,Northern,CARLISLE,54.890646,-2.933815,LEEDS,53.795162,-1.549093,159.9
NT_BPN_YRK,Northern,BLACKPOOL NORTH,53.821074,-3.049618,YORK,53.957964,-1.093182,158.8
AW_CDF_FGH,Transport for Wales,CARDIFF CENTRAL,51.475239,-3.177755,FISHGUARD HARBOUR,52.011541,-4.985642,158.7
GW_FTN_BRI,Great Western Railway,FRATTON,50.795883,-1.073424,BRISTOL TEMPLE MEADS,51.449142,-2.581315,158.0
HT_KGX_HUL,Hull Trains,LONDON KINGS CROSS,51.530882,-0.122926,HULL,53.743271,-0.347231,157.7
GW_CMN_BPW,Great Western Railway,CARMARTHEN,51.853267,-4.305666,BRISTOL PARKWAY,51.514064,-2.543233,157.5
SW_WAT_YVJ,South Western Railway,LONDON WATERLOO,51.501916,-0.111149,YEOVIL JUNCTION,50.924743,-2.613168,157.1
VT_EUS_CRE,Avanti West Coast,LONDON EUSTON,51.528370,-0.134563,CREWE,53.089623,-2.432969,157.1
AW_CRE_CDF,Transport for Wales,CREWE,53.089623,-2.432969,CARDIFF CENTRAL,51.475239,-3.177755,157.0
XC_DBY_CDF,CrossCountry,DERBY,52.916608,-1.463086,CARDIFF CENTRAL,51.475239,-3.177755,156.0
XC_DBY_NCL,CrossCountry,DERBY,52.916608,-1.463086,NEWCASTLE,54.968221,-1.617282,156.0
GW_GCR_EXD,Great Western Railway,GLOUCESTER,51.867536,-2.238135,EXETER ST DAVIDS,50.729079,-3.544342,156.0
NT_BBN_SOP,Northern,BLACKBURN,53.746514,-2.479122,SOUTHPORT,53.647098,-3.002933,155.8
LM_WSL_EUS,West Midlands Trains,WALSALL,52.584307,-1.985198,LONDON EUSTON,51.528370,-0.134563,155.0
TP_PRE_EDB,TransPennine Express,PRESTON,53.755266,-2.708238,EDINBURGH,55.952391,-3.188228,155.0
GR_EDB_ABD,LNER,EDINBURGH,55.952391,-3.188228,ABERDEEN,57.143057,-2.097477,155.0
NT_CAR_BIF,Northern,CARLISLE,54.890646,-2.933815,BARROW-IN-FURNESS,54.118702,-3.226953,154.8
EM_CRE_NCT,East Midlands Railway,CREWE,53.089623,-2.432969,NEWARK CASTLE,53.080002,-0.813160,154.5
GW_PAD_EXD,Great Western Railway,LONDON PADDINGTON,51.516445,-0.176848,EXETER ST DAVIDS,50.729079,-3.544342,154.4
TL_BDM_HRH,Thameslink,BEDFORD,52.136683,-0.478943,HORSHAM,51.066236,-0.318764,154.2
TP_EDB_PRE,TransPennine Express,EDINBURGH,55.952391,-3.188228,PRESTON,53.755266,-2.708238,154.0
XC_YRK_EDB,CrossCountry,YORK,53.957964,-1.093182,EDINBURGH,55.952391,-3.188228,154.0
TP_MAN_RCC,TransPennine Express,MANCHESTER PICCADILLY,53.476707,-2.228978,REDCAR CENTRAL,54.615686,-1.070880,154.0
TL_HRH_BDM,Thameslink,HORSHAM,51.066236,-0.318764,BEDFORD,52.136683,-0.478943,153.7
SW_YVP_WAT,South Western Railway,YEOVIL PEN MILL,50.944525,-2.613428,LONDON WATERLOO,51.501916,-0.111149,153.7
GR_SWB_PBO,LNER,SWAFFHAM (COACH),52.648194,0.688880,PETERBOROUGH,52.574974,-0.249837,153.7
SR_STR_GLC,ScotRail,STRANRAER,54.909601,-5.024737,GLASGOW CENT LL,55.858317,-4.259062,153.5
GW_BRI_PLY,Great Western Railway,BRISTOL TEMPLE MEADS,51.449142,-2.581315,PLYMOUTH,50.377826,-4.143320,153.5
TP_MCV_RCC,TransPennine Express,MANCHESTER VICTORIA,53.487467,-2.242599,REDCAR CENTRAL,54.615686,-1.070880,153.4
SN_PMH_VIC,Southern,PORTSMOUTH HARBOUR,50.796159,-1.108891,LONDON VICTORIA,51.495256,-0.144559,153.0
AW_MIA_LLD,Transport for Wales,MANCHESTER AIRPORT,53.361571,-2.268930,LLANDUDNO,53.320915,-3.827001,152.8
SW_WAT_POO,South Western Railway,LONDON WATERLOO,51.501916,-0.111149,POOLE,50.718626,-1.982949,152.5
TP_LIV_HUL,TransPennine Express,LIVERPOOL LIME STREET,53.407307,-2.977726,HULL,53.743271,-0.347231,152.4
VT_WRX_EUS,Avanti West Coast,WREXHAM GENERAL,53.050230,-3.002443,LONDON EUSTON,51.528370,-0.134563,152.3
TL_RAI_LUT,Thameslink,RAINHAM (KENT),51.366630,0.611672,LUTON,51.882279,-0.414898,152.3
GW_PAD_TAU,Great Western Railway,LONDON PADDINGTON,51.516445,-0.176848,TAUNTON,51.023666,-3.102109,152.2
NT_BIF_CAR,Northern,BARROW-IN-FURNESS,54.118702,-3.226953,CARLISLE,54.890646,-2.933815,151.1
AW_WTL_CDF,Transport for Wales,WHITLAND,51.818028,-4.614391,CARDIFF CENTRAL,51.475239,-3.177755,151.0
GW_GMV_PAD,Great Western Railway,GREAT MALVERN,52.109197,-2.318271,LONDON PADDINGTON,51.516445,-0.176848,150.8
SR_EDB_ABD,ScotRail,EDINBURGH,55.952391,-3.188228,ABERDEEN,57.143057,-2.097477,150.5
AW_LLD_MIA,Transport for Wales,LLANDUDNO,53.320915,-3.827001,MANCHESTER AIRPORT,53.361571,-2.268930,150.3
CH_MYB_SBJ,Chiltern Railways,LONDON MARYLEBONE,51.522533,-0.163631,STOURBRIDGE JUNCTION,52.447585,-2.133847,150.1
GW_WEY_BRI,Great Western Railway,WEYMOUTH,50.615220,-2.455069,BRISTOL TEMPLE MEADS,51.449142,-2.581315,150.1
NT_MIA_BIF,Northern,MANCHESTER AIRPORT,53.361571,-2.268930,BARROW-IN-FURNESS,54.118702,-3.226953,150.1
GW_SAL_CNM,Great Western Railway,SALISBURY,51.070968,-1.805843,CHELTENHAM SPA,51.896505,-2.100228,150.0
TP_HUL_LIV,TransPennine Express,HULL,53.743271,-0.347231,LIVERPOOL LIME STREET,53.407307,-2.977726,149.9
SR_CAR_GLC,ScotRail,CARLISLE,54.890646,-2.933815,GLASGOW CENT LL,55.858317,-4.259062,149.7
CH_SBJ_MYB,Chiltern Railways,STOURBRIDGE JUNCTION,52.447585,-2.133847,LONDON MARYLEBONE,51.522533,-0.163631,149.7
NT_CAR_HPL,Northern,CARLISLE,54.890646,-2.933815,HARTLEPOOL,54.686754,-1.207316,149.7
NT_CKL_LAN,Northern,CORKICKLE,54.541490,-3.582775,LANCASTER,54.048546,-2.807912,149.6
NT_RCD_RHD,Northern,ROCHDALE,53.609857,-2.152616,RIBBLEHEAD,54.206205,-2.360246,149.5
GW_PMH_BRI,Great Western Railway,PORTSMOUTH HARBOUR,50.796159,-1.108891,BRISTOL TEMPLE MEADS,51.449142,-2.581315,149.0
TL_HHE_BDM,Thameslink,HAYWARDS HEATH,51.005421,-0.105730,BEDFORD,52.136683,-0.478943,149.0
SR_ABD_EDB,ScotRail,ABERDEEN,57.143057,-2.097477,EDINBURGH,55.952391,-3.188228,148.4
GR_PBO_DEB,LNER,PETERBOROUGH,52.574974,-0.249837,DEREHAM MARKET PLACE,52.682667,0.941066,148.3
GW_PAD_GMV,Great Western Railway,LONDON PADDINGTON,51.516445,-0.176848,GREAT MALVERN,52.109197,-2.318271,148.2
TL_BDM_BTN,Thameslink,BEDFORD,52.136683,-0.478943,BRIGHTON,50.829722,-0.141252,148.2
TL_LUT_RAI,Thameslink,LUTON,51.882279,-0.414898,RAINHAM (KENT),51.366630,0.611672,148.1
TL_CBG_BTN,Thameslink,CAMBRIDGE,52.194558,0.137553,BRIGHTON,50.829722,-0.141252,147.8
SR_GLC_CAR,ScotRail,GLASGOW CENT LL,55.858317,-4.259062,CARLISLE,54.890646,-2.933815,147.7
GW_CDF_EXD,Great Western Railway,CARDIFF CENTRAL,51.475239,-3.177755,EXETER ST DAVIDS,50.729079,-3.544342,147.4
TL_GLM_LUT,Thameslink,GILLINGHAM (KENT),51.386884,0.549580,LUTON,51.882279,-0.414898,147.3
LE_GYM_SSD,Greater Anglia,GREAT YARMOUTH,52.612158,1.720886,STANSTED AIRPORT,51.890222,0.301838,147.0
TL_TBD_PBO,Thameslink,THREE BRIDGES,51.116922,-0.161184,PETERBOROUGH,52.574974,-0.249837,147.0
TL_BTN_BDM,Thameslink,BRIGHTON,50.829722,-0.141252,BEDFORD,52.136683,-0.478943,146.9
SW_POO_WAT,South Western Railway,POOLE,50.718626,-1.982949,LONDON WATERLOO,51.501916,-0.111149,146.8
VT_LIV_EUS,Avanti West Coast,LIVERPOOL LIME STREET,53.407307,-2.977726,LONDON EUSTON,51.528370,-0.134563,146.3
TP_MAN_SCA,TransPennine Express,MANCHESTER PICCADILLY,53.476707,-2.228978,SCARBOROUGH,54.279790,-0.405703,146.2
TL_BTN_CBG,Thameslink,BRIGHTON,50.829722,-0.141252,CAMBRIDGE,52.194558,0.137553,146.2
VT_EUS_WRX,Avanti West Coast,LONDON EUSTON,51.528370,-0.134563,WREXHAM GENERAL,53.050230,-3.002443,146.0
NT_LAN_CKL,Northern,LANCASTER,54.048546,-2.807912,CORKICKLE,54.541490,-3.582775,145.7
NT_BIF_MIA,Northern,BARROW-IN-FURNESS,54.118702,-3.226953,MANCHESTER AIRPORT,53.361571,-2.268930,145.0
AW_CDF_TEN,Transport for Wales,CARDIFF CENTRAL,51.475239,-3.177755,TENBY,51.672930,-4.707274,145.0
GW_EXD_CDF,Great Western Railway,EXETER ST DAVIDS,50.729079,-3.544342,CARDIFF CENTRAL,51.475239,-3.177755,144.8
VT_EUS_LIV,Avanti West Coast,LONDON EUSTON,51.528370,-0.134563,LIVERPOOL LIME STREET,53.407307,-2.977726,143.6
SW_YVJ_WAT,South Western Railway,YEOVIL JUNCTION,50.924743,-2.613168,LONDON WATERLOO,51.501916,-0.111149,143.1
GW_SVB_EXD,Great Western Railway,SEVERN BEACH,51.559294,-2.664942,EXETER ST DAVIDS,50.729079,-3.544342,143.0
NT_RHD_RCD,Northern,RIBBLEHEAD,54.206205,-2.360246,ROCHDALE,53.609857,-2.152616,143.0
GW_BPW_CMN,Great Western Railway,BRISTOL PARKWAY,51.514064,-2.543233,CARMARTHEN,51.853267,-4.305666,143.0
CH_SAV_MYB,Chiltern Railways,STRATFORD-UPON-AVON,52.193797,-1.716145,LONDON MARYLEBONE,51.522533,-0.163631,143.0
NT_LDS_WGW,Northern,LEEDS,53.795162,-1.549093,WIGAN WALLGATE,53.545356,-2.633797,142.7
NT_LDS_CTR,Northern,LEEDS,53.795162,-1.549093,CHESTER,53.196824,-2.880120,142.6
AW_MIA_LLJ,Transport for Wales,MANCHESTER AIRPORT,53.361571,-2.268930,LLANDUDNO JUNCTION,53.283433,-3.808900,142.0
EM_NOT_GMB,East Midlands Railway,NOTTINGHAM,52.948012,-1.145694,GRIMSBY TOWN,53.564101,-0.086954,142.0
SR_BFA_CRP,ScotRail,BELFAST PORT,54.606159,-5.917654,CAIRNRYAN,54.962856,-5.016241,142.0
SE_MSR_VIC,Southeastern,MINSTER,51.329869,1.317382,LONDON VICTORIA,51.495256,-0.144559,142.0
GR_WTZ_YRK,LNER,WHITBY BUS,54.483780,-0.621605,YORK,53.957964,-1.093182,142.0
LM_EUS_BHM,West Midlands Trains,LONDON EUSTON,51.528370,-0.134563,BIRMINGHAM NEW STREET,52.478184,-1.898364,141.8
AW_CTR_BHI,Transport for Wales,CHESTER,53.196824,-2.880120,BIRMINGHAM INTERNATIONAL,52.451837,-1.724791,141.7
TP_LIV_DON,TransPennine Express,LIVERPOOL LIME STREET,53.407307,-2.977726,DONCASTER,53.521477,-1.140236,141.7
TP_SCA_MAN,TransPennine Express,SCARBOROUGH,54.279790,-0.405703,MANCHESTER PICCADILLY,53.476707,-2.228978,141.6
XC_ABD_EDB,CrossCountry,ABERDEEN,57.143057,-2.097477,EDINBURGH,55.952391,-3.188228,141.3
AW_PWL_MCN,Transport for Wales,PWLLHELI,52.887833,-4.416697,MACHYNLLETH,52.595858,-3.854263,141.2
NT_HEX_NNT,Northern,HEXHAM,54.974176,-2.095265,NUNTHORPE,54.528334,-1.170212,141.2
GW_BNP_PGN,Great Western Railway,BARNSTAPLE,51.073584,-4.063971,PAIGNTON,50.434724,-3.564313,141.0
GR_YRK_WTZ,LNER,YORK,53.957964,-1.093182,WHITBY BUS,54.483780,-0.621605,141.0
NT_BBN_HBL,Northern,BLACKBURN,53.746514,-2.479122,HEADBOLT LANE,53.490763,-2.880167,140.9
AW_DOG_BNG,Transport for Wales,DOLGELLAU ELDON SQUARE,52.741892,-3.887123,BANGOR (GWYNEDD),53.222281,-4.135880,140.6
GW_BRI_WEY,Great Western Railway,BRISTOL TEMPLE MEADS,51.449142,-2.581315,WEYMOUTH,50.615220,-2.455069,140.5
NT_LCN_LDS,Northern,LINCOLN,53.227105,-0.540951,LEEDS,53.795162,-1.549093,140.5
AW_MCN_PWL,Transport for Wales,MACHYNLLETH,52.595858,-3.854263,PWLLHELI,52.887833,-4.416697,140.4
NT_MIA_WDM,Northern,MANCHESTER AIRPORT,53.361571,-2.268930,WINDERMERE,54.380408,-2.903717,140.4
XC_BHM_CDF,CrossCountry,BIRMINGHAM NEW STREET,52.478184,-1.898364,CARDIFF CENTRAL,51.475239,-3.177755,140.3
SE_CST_RAM,Southeastern,LONDON CANNON STREET,51.510577,-0.090615,RAMSGATE,51.340823,1.405779,140.2
GW_WEY_SWI,Great Western Railway,WEYMOUTH,50.615220,-2.455069,SWINDON (WILTS),51.565481,-1.786434,140.0
TP_DON_LIV,TransPennine Express,DONCASTER,53.521477,-1.140236,LIVERPOOL LIME STREET,53.407307,-2.977726,139.5
AW_BNG_DOG,Transport for Wales,BANGOR (GWYNEDD),53.222281,-4.135880,DOLGELLAU ELDON SQUARE,52.741892,-3.887123,139.5
GW_BRI_PGN,Great Western Railway,BRISTOL TEMPLE MEADS,51.449142,-2.581315,PAIGNTON,50.434724,-3.564313,139.0
NT_LDS_WGN,Northern,LEEDS,53.795162,-1.549093,WIGAN NORTH WESTERN,53.543566,-2.632261,139.0
GW_WOF_PAD,Great Western Railway,WORCESTER FOREGATE STREET,52.194829,-2.220863,LONDON PADDINGTON,51.516445,-0.176848,138.7
EM_NOT_CLE,East Midlands Railway,NOTTINGHAM,52.948012,-1.145694,CLEETHORPES,53.563170,-0.029615,138.5
SR_INV_ABD,ScotRail,INVERNESS,57.480114,-4.223176,ABERDEEN,57.143057,-2.097477,138.5
SW_WAT_FRO,South Western Railway,LONDON WATERLOO,51.501916,-0.111149,FROME,51.227181,-2.309280,138.0
GW_SWA_PMD,Great Western Railway,SWANSEA,51.625144,-3.941546,PEMBROKE DOCK,51.694382,-4.937210,138.0
EM_AMB_LCN,East Midlands Railway,AMBERGATE,53.060515,-1.480697,LINCOLN,53.227105,-0.540951,138.0
TL_BDM_SUO,Thameslink,BEDFORD,52.136683,-0.478943,SUTTON (LONDON),51.360182,-0.190241,138.0
NT_CTR_LDS,Northern,CHESTER,53.196824,-2.880120,LEEDS,53.795162,-1.549093,137.8
AW_CRE_HHD,Transport for Wales,CREWE,53.089623,-2.432969,HOLYHEAD,53.307682,-4.631002,137.8
NT_HBL_BBN,Northern,HEADBOLT LANE,53.490763,-2.880167,BLACKBURN,53.746514,-2.479122,137.8
VT_MAN_EUS,Avanti West Coast,MANCHESTER PICCADILLY,53.476707,-2.228978,LONDON EUSTON,51.528370,-0.134563,137.2
XC_NOT_GCR,CrossCountry,NOTTINGHAM,52.948012,-1.145694,GLOUCESTER,51.867536,-2.238135,137.0
SN_HGS_VIC,Southern,HASTINGS,50.858359,0.576057,LONDON VICTORIA,51.495256,-0.144559,137.0
LM_LIV_COV,West Midlands Trains,LIVERPOOL LIME STREET,53.407307,-2.977726,COVENTRY,52.400812,-1.513460,137.0
AW_LLJ_MIA,Transport for Wales,LLANDUDNO JUNCTION,53.283433,-3.808900,MANCHESTER AIRPORT,53.361571,-2.268930,136.7
AW_HHD_CRE,Transport for Wales,HOLYHEAD,53.307682,-4.631002,CREWE,53.089623,-2.432969,136.6
AW_CRE_BHI,Transport for Wales,CREWE,53.089623,-2.432969,BIRMINGHAM INTERNATIONAL,52.451837,-1.724791,136.5
NT_WGN_LDS,Northern,WIGAN NORTH WESTERN,53.543566,-2.632261,LEEDS,53.795162,-1.549093,136.2
SN_ORE_VIC,Southern,ORE,50.867028,0.590748,LONDON VICTORIA,51.495256,-0.144559,136.2
AW_CMN_AYW,Transport for Wales,CARMARTHEN,51.853267,-4.305666,ABERYSTWYTH,52.414043,-4.081893,136.1
NT_LDS_LCN,Northern,LEEDS,53.795162,-1.549093,LINCOLN,53.227105,-0.540951,136.1
GW_GCR_SAL,Great Western Railway,GLOUCESTER,51.867536,-2.238135,SALISBURY,51.070968,-1.805843,136.0
SR_ABD_INV,ScotRail,ABERDEEN,57.143057,-2.097477,INVERNESS,57.480114,-4.223176,136.0
GW_PAD_WOF,Great Western Railway,LONDON PADDINGTON,51.516445,-0.176848,WORCESTER FOREGATE STREET,52.194829,-2.220863,135.7
TP_MCV_SCA,TransPennine Express,MANCHESTER VICTORIA,53.487467,-2.242599,SCARBOROUGH,54.279790,-0.405703,135.6
LM_CRE_EUS,West Midlands Trains,CREWE,53.089623,-2.432969,LONDON EUSTON,51.528370,-0.134563,135.6
LM_EUS_CRE,West Midlands Trains,LONDON EUSTON,51.528370,-0.134563,CREWE,53.089623,-2.432969,135.6
LE_LWT_CBG,Greater Anglia,LOWESTOFT,52.473651,1.748949,CAMBRIDGE,52.194558,0.137553,135.5
NT_BDT_SHF,Northern,BRIDLINGTON,54.084546,-0.200690,SHEFFIELD,53.378646,-1.463308,135.4
SE_CHX_RAM,Southeastern,LONDON CHARING CROSS,51.508415,-0.123850,RAMSGATE,51.340823,1.405779,135.2
TP_SCA_MCV,TransPennine Express,SCARBOROUGH,54.279790,-0.405703,MANCHESTER VICTORIA,53.487467,-2.242599,135.2
GW_SWI_WEY,Great Western Railway,SWINDON (WILTS),51.565481,-1.786434,WEYMOUTH,50.615220,-2.455069,135.2
SR_CRP_BFA,ScotRail,CAIRNRYAN,54.962856,-5.016241,BELFAST PORT,54.606159,-5.917654,135.0
XC_DBY_RDG,CrossCountry,DERBY,52.916608,-1.463086,READING,51.458684,-0.973708,134.7
LM_BHM_EUS,West Midlands Trains,BIRMINGHAM NEW STREET,52.478184,-1.898364,LONDON EUSTON,51.528370,-0.134563,134.6
SR_PTH_INR,ScotRail,PERTH,56.392691,-3.440044,INVERURIE,57.286267,-2.373228,134.5
GW_PAD_WOS,Great Western Railway,LONDON PADDINGTON,51.516445,-0.176848,WORCESTER SHRUB HILL,52.194848,-2.210623,134.3
EM_PBO_NOT,East Midlands Railway,PETERBOROUGH,52.574974,-0.249837,NOTTINGHAM,52.948012,-1.145694,134.0
AW_BHI_CTR,Transport for Wales,BIRMINGHAM INTERNATIONAL,52.451837,-1.724791,CHESTER,53.196824,-2.880120,133.8
TL_EGR_BDM,Thameslink,EAST GRINSTEAD,51.126272,-0.017900,BEDFORD,52.136683,-0.478943,133.8
SN_VIC_PMH,Southern,LONDON VICTORIA,51.495256,-0.144559,PORTSMOUTH HARBOUR,50.796159,-1.108891,133.7
NT_WGW_LDS,Northern,WIGAN WALLGATE,53.545356,-2.633797,LEEDS,53.795162,-1.549093,133.6
NT_WDM_MIA,Northern,WINDERMERE,54.380408,-2.903717,MANCHESTER AIRPORT,53.361571,-2.268930,133.5
GR_LDS_KGX,LNER,LEEDS,53.795162,-1.549093,LONDON KINGS CROSS,51.530882,-0.122926,133.4
TL_SUO_BDM,Thameslink,SUTTON (LONDON),51.360182,-0.190241,BEDFORD,52.136683,-0.478943,133.2
AW_AYW_CMN,Transport for Wales,ABERYSTWYTH,52.414043,-4.081893,CARMARTHEN,51.853267,-4.305666,133.1
VT_EUS_MAN,Avanti West Coast,LONDON EUSTON,51.528370,-0.134563,MANCHESTER PICCADILLY,53.476707,-2.228978,133.1
TL_TBD_BDM,Thameslink,THREE BRIDGES,51.116922,-0.161184,BEDFORD,52.136683,-0.478943,132.9
SN_VIC_PMS,Southern,LONDON VICTORIA,51.495256,-0.144559,PORTSMOUTH & SOUTHSEA,50.797815,-1.090413,132.8
NT_MLM_WKG,Northern,MILLOM,54.210822,-3.271084,WORKINGTON,54.645140,-3.560455,132.5
SE_RAM_CHX,Southeastern,RAMSGATE,51.340823,1.405779,LONDON CHARING CROSS,51.508415,-0.123850,132.5
EM_LCN_MAT,East Midlands Railway,LINCOLN,53.227105,-0.540951,MATLOCK,53.138137,-1.558988,132.4
SW_BMH_WAT,South Western Railway,BOURNEMOUTH,50.727541,-1.863935,LONDON WATERLOO,51.501916,-0.111149,132.3
AW_PMD_SWA,Transport for Wales,PEMBROKE DOCK,51.694382,-4.937210,SWANSEA,51.625144,-3.941546,132.1
TL_SAC_GLM,Thameslink,ST ALBANS CITY,51.748879,-0.326858,GILLINGHAM (KENT),51.386884,0.549580,132.0
SE_RAM_CST,Southeastern,RAMSGATE,51.340823,1.405779,LONDON CANNON STREET,51.510577,-0.090615,131.8
GR_KGX_LDS,LNER,LONDON KINGS CROSS,51.530882,-0.122926,LEEDS,53.795162,-1.549093,131.5
SR_ARB_GLQ,ScotRail,ARBROATH,56.559572,-2.588931,GLASGOW QS LL,55.862055,-4.251288,131.5
GW_WOS_PAD,Great Western Railway,WORCESTER SHRUB HILL,52.194848,-2.210623,LONDON PADDINGTON,51.516445,-0.176848,131.4
SE_DVP_VIC,Southeastern,DOVER PRIORY,51.126054,1.304175,LONDON VICTORIA,51.495256,-0.144559,131.3
SN_VIC_ORE,Southern,LONDON VICTORIA,51.495256,-0.144559,ORE,50.867028,0.590748,131.1
EM_NOT_MAN,East Midlands Railway,NOTTINGHAM,52.948012,-1.145694,MANCHESTER PICCADILLY,53.476707,-2.228978,131.0
GW_YVP_FIT,Great Western Railway,YEOVIL PEN MILL,50.944525,-2.613428,FILTON ABBEY WOOD,51.509481,-2.561910,131.0
XC_LEI_GCR,CrossCountry,LEICESTER,52.631423,-1.125275,GLOUCESTER,51.867536,-2.238135,131.0
TL_GLM_SAC,Thameslink,GILLINGHAM (KENT),51.386884,0.549580,ST ALBANS CITY,51.748879,-0.326858,131.0
AW_ABA_MER,Transport for Wales,ABERDARE,51.714157,-3.443055,MERTHYR TYDFIL,51.745517,-3.377422,130.8
CH_BSW_MYB,Chiltern Railways,BIRMINGHAM SNOW HILL,52.483579,-1.899824,LONDON MARYLEBONE,51.522533,-0.163631,130.7
EM_NOT_SKG,East Midlands Railway,NOTTINGHAM,52.948012,-1.145694,SKEGNESS,53.143052,0.333892,130.4
TL_BDM_TBD,Thameslink,BEDFORD,52.136683,-0.478943,THREE BRIDGES,51.116922,-0.161184,130.4
NT_LDS_BPN,Northern,LEEDS,53.795162,-1.549093,BLACKPOOL NORTH,53.821074,-3.049618,130.0
SR_GLQ_ARB,ScotRail,GLASGOW QS LL,55.862055,-4.251288,ARBROATH,56.559572,-2.588931,130.0
GR_YRK_KGX,LNER,YORK,53.957964,-1.093182,LONDON KINGS CROSS,51.530882,-0.122926,130.0
SW_WAT_SOU,South Western Railway,LONDON WATERLOO,51.501916,-0.111149,SOUTHAMPTON CENTRAL,50.907799,-1.413975,129.3
SW_RDG_YVP,South Western Railway,READING,51.458684,-0.973708,YEOVIL PEN MILL,50.944525,-2.613428,129.0
NT_CNF_CKL,Northern,CARNFORTH,54.129676,-2.771232,CORKICKLE,54.541490,-3.582775,129.0
AW_SWA_PMD,Transport for Wales,SWANSEA,51.625144,-3.941546,PEMBROKE DOCK,51.694382,-4.937210,128.9
TP_YRK_MIA,TransPennine Express,YORK,53.957964,-1.093182,MANCHESTER AIRPORT,53.361571,-2.268930,128.9
EM_SHF_STP,East Midlands Railway,SHEFFIELD,53.378646,-1.463308,LONDON ST PANCRAS,51.532725,-0.125734,128.9
EM_SKG_NOT,East Midlands Railway,SKEGNESS,53.143052,0.333892,NOTTINGHAM,52.948012,-1.145694,128.7
NT_LDS_MCM,Northern,LEEDS,53.795162,-1.549093,MORECAMBE,54.071440,-2.875597,128.5
EM_MAT_LCN,East Midlands Railway,MATLOCK,53.138137,-1.558988,LINCOLN,53.227105,-0.540951,128.2
NT_SHF_BDT,Northern,SHEFFIELD,53.378646,-1.463308,BRIDLINGTON,54.084546,-0.200690,128.1
EM_STP_SHF,East Midlands Railway,LONDON ST PANCRAS,51.532725,-0.125734,SHEFFIELD,53.378646,-1.463308,128.1
SE_VIC_DVP,Southeastern,LONDON VICTORIA,51.495256,-0.144559,DOVER PRIORY,51.126054,1.304175,128.0
TP_MIA_YRK,TransPennine Express,MANCHESTER AIRPORT,53.361571,-2.268930,YORK,53.957964,-1.093182,127.5
GW_FRO_GCR,Great Western Railway,FROME,51.227181,-2.309280,GLOUCESTER,51.867536,-2.238135,127.0
NT_BIF_MCV,Northern,BARROW-IN-FURNESS,54.118702,-3.226953,MANCHESTER VICTORIA,53.487467,-2.242599,127.0
GW_PAD_WSM,Great Western Railway,LONDON PADDINGTON,51.516445,-0.176848,WESTON-SUPER-MARE,51.344046,-2.971944,126.9
AW_MER_ABA,Transport for Wales,MERTHYR TYDFIL,51.745517,-3.377422,ABERDARE,51.714157,-3.443055,126.9
GW_WSM_PAD,Great Western Railway,WESTON-SUPER-MARE,51.344046,-2.971944,LONDON PADDINGTON,51.516445,-0.176848,126.8
NT_BPN_LDS,Northern,BLACKPOOL NORTH,53.821074,-3.049618,LEEDS,53.795162,-1.549093,126.5
SR_EDB_HLC,ScotRail,EDINBURGH,55.952391,-3.188228,HELENSBURGH CENTRAL,56.004207,-4.732758,126.4
SE_CST_DVP,Southeastern,LONDON CANNON STREET,51.510577,-0.090615,DOVER PRIORY,51.126054,1.304175,126.0
AW_LLD_SHR,Transport for Wales,LLANDUDNO,53.320915,-3.827001,SHREWSBURY,52.711393,-2.748938,126.0
SW_WAT_BMH,South Western Railway,LONDON WATERLOO,51.501916,-0.111149,BOURNEMOUTH,50.727541,-1.863935,125.8
TP_MCV_HUL,TransPennine Express,MANCHESTER VICTORIA,53.487467,-2.242599,HULL,53.743271,-0.347231,125.8
VT_CTR_EUS,Avanti West Coast,CHESTER,53.196824,-2.880120,LONDON EUSTON,51.528370,-0.134563,125.5
NT_MCM_LDS,Northern,MORECAMBE,54.071440,-2.875597,LEEDS,53.795162,-1.549093,125.5
NT_YRK_BDT,Northern,YORK,53.957964,-1.093182,BRIDLINGTON,54.084546,-0.200690,125.3
NT_BIF_MCO,Northern,BARROW-IN-FURNESS,54.118702,-3.226953,MANCHESTER OXFORD ROAD,53.473984,-2.242522,125.0
GW_SVB_SAL,Great Western Railway,SEVERN BEACH,51.559294,-2.664942,SALISBURY,51.070968,-1.805843,125.0
VT_EUS_CTR,Avanti West Coast,LONDON EUSTON,51.528370,-0.134563,CHESTER,53.196824,-2.880120,124.6
SW_PMS_WAT,South Western Railway,PORTSMOUTH & SOUTHSEA,50.797815,-1.090413,LONDON WATERLOO,51.501916,-0.111149,124.4
SR_HLC_EDB,ScotRail,HELENSBURGH CENTRAL,56.004207,-4.732758,EDINBURGH,55.952391,-3.188228,124.1
GW_FRO_CDF,Great Western Railway,FROME,51.227181,-2.309280,CARDIFF CENTRAL,51.475239,-3.177755,124.0
AW_CMN_CDF,Transport for Wales,CARMARTHEN,51.853267,-4.305666,CARDIFF CENTRAL,51.475239,-3.177755,123.9
CH_MYB_BMO,Chiltern Railways,LONDON MARYLEBONE,51.522533,-0.163631,BIRMINGHAM MOOR STREET,52.479078,-1.892473,123.8
GR_KGX_YRK,LNER,LONDON KINGS CROSS,51.530882,-0.122926,YORK,53.957964,-1.093182,123.7
GW_PGN_BRI,Great Western Railway,PAIGNTON,50.434724,-3.564313,BRISTOL TEMPLE MEADS,51.449142,-2.581315,123.5
GW_WMN_GCR,Great Western Railway,WARMINSTER,51.206774,-2.177450,GLOUCESTER,51.867536,-2.238135,123.5
SN_VIC_HGS,Southern,LONDON VICTORIA,51.495256,-0.144559,HASTINGS,50.858359,0.576057,123.4
SW_WAT_FRM,South Western Railway,LONDON WATERLOO,51.501916,-0.111149,FAREHAM,50.853416,-1.191619,123.3
SE_FKC_VIC,Southeastern,FOLKESTONE CENTRAL,51.083044,1.168294,LONDON VICTORIA,51.495256,-0.144559,123.3
CH_BMO_MYB,Chiltern Railways,BIRMINGHAM MOOR STREET,52.479078,-1.892473,LONDON MARYLEBONE,51.522533,-0.163631,123.2
TL_BDM_GTW,Thameslink,BEDFORD,52.136683,-0.478943,GATWICK AIRPORT,51.156489,-0.161042,123.2
LM_WOF_SAV,West Midlands Trains,WORCESTER FOREGATE STREET,52.194829,-2.220863,STRATFORD-UPON-AVON,52.193797,-1.716145,123.1
TP_DAR_MCV,TransPennine Express,DARLINGTON,54.520446,-1.547324,MANCHESTER VICTORIA,53.487467,-2.242599,123.0
VT_CRE_EUS,Avanti West Coast,CREWE,53.089623,-2.432969,LONDON EUSTON,51.528370,-0.134563,123.0
LM_WOF_LMS,West Midlands Trains,WORCESTER FOREGATE STREET,52.194829,-2.220863,LEAMINGTON SPA,52.284931,-1.536718,123.0
XC_BWK_XAA,CrossCountry,BERWICK-UPON-TWEED,55.774830,-2.011133,GALASHIELS V BWK,55.616724,-2.808106,123.0
SW_SAL_EXD,South Western Railway,SALISBURY,51.070968,-1.805843,EXETER ST DAVIDS,50.729079,-3.544342,123.0
EM_NCT_MAT,East Midlands Railway,NEWARK CASTLE,53.080002,-0.813160,MATLOCK,53.138137,-1.558988,123.0
NT_CAR_SUN,Northern,CARLISLE,54.890646,-2.933815,SUNDERLAND,54.906147,-1.382370,122.7
NT_WTB_DAR,Northern,WHITBY,54.484608,-0.615403,DARLINGTON,54.520446,-1.547324,122.7
TP_HUL_MAN,TransPennine Express,HULL,53.743271,-0.347231,MANCHESTER PICCADILLY,53.476707,-2.228978,122.7
XC_XAA_BWK,CrossCountry,GALASHIELS V BWK,55.616724,-2.808106,BERWICK-UPON-TWEED,55.774830,-2.011133,122.5
EM_PBO_DON,East Midlands Railway,PETERBOROUGH,52.574974,-0.249837,DONCASTER,53.521477,-1.140236,122.5
EM_DBY_STP,East Midlands Railway,DERBY,52.916608,-1.463086,LONDON ST PANCRAS,51.532725,-0.125734,122.3
CH_MYB_BSW,Chiltern Railways,LONDON MARYLEBONE,51.522533,-0.163631,BIRMINGHAM SNOW HILL,52.483579,-1.899824,122.2
LE_COL_PBO,Greater Anglia,COLCHESTER,51.900524,0.894040,PETERBOROUGH,52.574974,-0.249837,122.0
SW_WAT_GIL,South Western Railway,LONDON WATERLOO,51.501916,-0.111149,GILLINGHAM (DORSET),51.033943,-2.272338,122.0
GW_PMH_WSB,Great Western Railway,PORTSMOUTH HARBOUR,50.796159,-1.108891,WESTBURY,51.266984,-2.199182,122.0
NT_DAR_WTB,Northern,DARLINGTON,54.520446,-1.547324,WHITBY,54.484608,-0.615403,122.0
NT_MBR_HEX,Northern,MIDDLESBROUGH,54.579073,-1.232614,HEXHAM,54.974176,-2.095265,121.3
GR_PBO_SWB,LNER,PETERBOROUGH,52.574974,-0.249837,SWAFFHAM (COACH),52.648194,0.688880,121.2
TL_BDM_EGR,Thameslink,BEDFORD,52.136683,-0.478943,EAST GRINSTEAD,51.126272,-0.017900,121.0
AW_LLJ_MAN,Transport for Wales,LLANDUDNO JUNCTION,53.283433,-3.808900,MANCHESTER PICCADILLY,53.476707,-2.228978,121.0
EM_LEI_LCN,East Midlands Railway,LEICESTER,52.631423,-1.125275,LINCOLN,53.227105,-0.540951,121.0
EM_CLE_NOT,East Midlands Railway,CLEETHORPES,53.563170,-0.029615,NOTTINGHAM,52.948012,-1.145694,121.0
SR_DIN_KYL,ScotRail,DINGWALL,57.594155,-4.422578,KYLE OF LOCHALSH,57.280487,-5.713005,121.0
GW_SOU_BRI,Great Western Railway,SOUTHAMPTON CENTRAL,50.907799,-1.413975,BRISTOL TEMPLE MEADS,51.449142,-2.581315,121.0
VT_WVH_EUS,Avanti West Coast,WOLVERHAMPTON,52.587843,-2.119515,LONDON EUSTON,51.528370,-0.134563,120.9
TP_LIV_YRK,TransPennine Express,LIVERPOOL LIME STREET,53.407307,-2.977726,YORK,53.957964,-1.093182,120.7
VT_CRE_HHD,Avanti West Coast,CREWE,53.089623,-2.432969,HOLYHEAD,53.307682,-4.631002,120.5
SW_WAT_PMS,South Western Railway,LONDON WATERLOO,51.501916,-0.111149,PORTSMOUTH & SOUTHSEA,50.797815,-1.090413,120.5
AW_BGN_RHY,Transport for Wales,BRIDGEND,51.506527,-3.576255,RHYMNEY,51.759104,-3.289451,120.0
XC_CDF_BHM,CrossCountry,CARDIFF CENTRAL,51.475239,-3.177755,BIRMINGHAM NEW STREET,52.478184,-1.898364,120.0
GW_WSB_CNM,Great Western Railway,WESTBURY,51.266984,-2.199182,CHELTENHAM SPA,51.896505,-2.100228,120.0
AW_SHR_HFD,Transport for Wales,SHREWSBURY,52.711393,-2.748938,HEREFORD,52.060743,-2.708831,120.0
TP_YRK_LIV,TransPennine Express,YORK,53.957964,-1.093182,LIVERPOOL LIME STREET,53.407307,-2.977726,120.0
NT_BDT_YRK,Northern,BRIDLINGTON,54.084546,-0.200690,YORK,53.957964,-1.093182,119.6
LE_PBO_COL,Greater Anglia,PETERBOROUGH,52.574974,-0.249837,COLCHESTER,51.900524,0.894040,119.6
SW_GIL_WAT,South Western Railway,GILLINGHAM (DORSET),51.033943,-2.272338,LONDON WATERLOO,51.501916,-0.111149,119.3
GW_PAD_CNM,Great Western Railway,LONDON PADDINGTON,51.516445,-0.176848,CHELTENHAM SPA,51.896505,-2.100228,119.2
AW_BRM_LNP,Transport for Wales,BARMOUTH,52.722889,-4.056596,LLANGOLLEN PARADE STREET,52.969573,-3.171818,119.1
TL_TBD_CBG,Thameslink,THREE BRIDGES,51.116922,-0.161184,CAMBRIDGE,52.194558,0.137553,119.0
LE_LWT_HPQ,Greater Anglia,LOWESTOFT,52.473651,1.748949,HARWICH INTERNATIONAL,51.947747,1.255114,119.0
NT_MCO_WDM,Northern,MANCHESTER OXFORD ROAD,53.473984,-2.242522,WINDERMERE,54.380408,-2.903717,119.0
GW_TAU_CDF,Great Western Railway,TAUNTON,51.023666,-3.102109,CARDIFF CENTRAL,51.475239,-3.177755,118.9
AW_LLD_LIV,Transport for Wales,LLANDUDNO,53.320915,-3.827001,LIVERPOOL LIME STREET,53.407307,-2.977726,118.8
LE_HPQ_LWT,Greater Anglia,HARWICH INTERNATIONAL,51.947747,1.255114,LOWESTOFT,52.473651,1.748949,118.8
GW_PNZ_PLY,Great Western Railway,PENZANCE,50.121686,-5.532398,PLYMOUTH,50.377826,-4.143320,118.7
XC_BRI_PLY,CrossCountry,BRISTOL TEMPLE MEADS,51.449142,-2.581315,PLYMOUTH,50.377826,-4.143320,118.5
TL_GTW_BDM,Thameslink,GATWICK AIRPORT,51.156489,-0.161042,BEDFORD,52.136683,-0.478943,118.2
SE_RAM_VIC,Southeastern,RAMSGATE,51.340823,1.405779,LONDON VICTORIA,51.495256,-0.144559,118.2
GW_CNM_PAD,Great Western Railway,CHELTENHAM SPA,51.896505,-2.100228,LONDON PADDINGTON,51.516445,-0.176848,118.1
GW_BRI_EXM,Great Western Railway,BRISTOL TEMPLE MEADS,51.449142,-2.581315,EXMOUTH,50.621003,-3.414981,118.0
EM_STP_DBY,East Midlands Railway,LONDON ST PANCRAS,51.532725,-0.125734,DERBY,52.916608,-1.463086,118.0
GW_BNP_AXM,Great Western Railway,BARNSTAPLE,51.073584,-4.063971,AXMINSTER,50.779037,-3.005569,118.0
VT_HHD_CRE,Avanti West Coast,HOLYHEAD,53.307682,-4.631002,CREWE,53.089623,-2.432969,118.0
VT_EUS_WVH,Avanti West Coast,LONDON EUSTON,51.528370,-0.134563,WOLVERHAMPTON,52.587843,-2.119515,117.8
SN_HAV_VIC,Southern,HAVANT,50.854480,-0.982761,LONDON VICTORIA,51.495256,-0.144559,117.5
SE_VIC_RAM,Southeastern,LONDON VICTORIA,51.495256,-0.144559,RAMSGATE,51.340823,1.405779,117.4
GW_PLY_PNZ,Great Western Railway,PLYMOUTH,50.377826,-4.143320,PENZANCE,50.121686,-5.532398,117.2
GW_BRI_SWA,Great Western Railway,BRISTOL TEMPLE MEADS,51.449142,-2.581315,SWANSEA,51.625144,-3.941546,117.0
TL_GTW_CBG,Thameslink,GATWICK AIRPORT,51.156489,-0.161042,CAMBRIDGE,52.194558,0.137553,117.0
SE_BSR_CST,Southeastern,BROADSTAIRS,51.360713,1.433118,LONDON CANNON STREET,51.510577,-0.090615,117.0
AW_LNP_BRM,Transport for Wales,LLANGOLLEN PARADE STREET,52.969573,-3.171818,BARMOUTH,52.722889,-4.056596,116.8
LE_SSD_NRW,Greater Anglia,STANSTED AIRPORT,51.890222,0.301838,NORWICH,52.627152,1.306820,116.7
NT_NOT_LDS,Northern,NOTTINGHAM,52.948012,-1.145694,LEEDS,53.795162,-1.549093,116.7
LM_WOS_SAV,West Midlands Trains,WORCESTER SHRUB HILL,52.194848,-2.210623,STRATFORD-UPON-AVON,52.193797,-1.716145,116.6
GW_CDF_TAU,Great Western Railway,CARDIFF CENTRAL,51.475239,-3.177755,TAUNTON,51.023666,-3.102109,116.5
LM_SAV_WOS,West Midlands Trains,STRATFORD-UPON-AVON,52.193797,-1.716145,WORCESTER SHRUB HILL,52.194848,-2.210623,116.5
AW_EBB_MST,Transport for Wales,EBBW VALE TOWN,51.782453,-3.207485,MAESTEG,51.610652,-3.654960,116.3
SW_SOU_WAT,South Western Railway,SOUTHAMPTON CENTRAL,50.907799,-1.413975,LONDON WATERLOO,51.501916,-0.111149,116.2
LM_SAV_WOF,West Midlands Trains,STRATFORD-UPON-AVON,52.193797,-1.716145,WORCESTER FOREGATE STREET,52.194829,-2.220863,116.2
SN_BOG_LBG,Southern,BOGNOR REGIS,50.786659,-0.676388,LONDON BRIDGE,51.505091,-0.085080,116.0
TP_SHF_CLE,TransPennine Express,SHEFFIELD,53.378646,-1.463308,CLEETHORPES,53.563170,-0.029615,116.0
LM_WOS_LMS,West Midlands Trains,WORCESTER SHRUB HILL,52.194848,-2.210623,LEAMINGTON SPA,52.284931,-1.536718,116.0
AW_CDF_CMN,Transport for Wales,CARDIFF CENTRAL,51.475239,-3.177755,CARMARTHEN,51.853267,-4.305666,115.6
EM_NNG_PBO,East Midlands Railway,NEWARK NORTHGATE,53.082563,-0.799653,PETERBOROUGH,52.574974,-0.249837,115.5
AW_MST_EBB,Transport for Wales,MAESTEG,51.610652,-3.654960,EBBW VALE TOWN,51.782453,-3.207485,115.2
GW_PAD_CDF,Great Western Railway,LONDON PADDINGTON,51.516445,-0.176848,CARDIFF CENTRAL,51.475239,-3.177755,115.1
XC_PNZ_PLY,CrossCountry,PENZANCE,50.121686,-5.532398,PLYMOUTH,50.377826,-4.143320,115.0
NT_BBN_YRK,Northern,BLACKBURN,53.746514,-2.479122,YORK,53.957964,-1.093182,115.0
GW_WSB_GCR,Great Western Railway,WESTBURY,51.266984,-2.199182,GLOUCESTER,51.867536,-2.238135,114.9
GW_CDF_PAD,Great Western Railway,CARDIFF CENTRAL,51.475239,-3.177755,LONDON PADDINGTON,51.516445,-0.176848,114.9
SE_DVP_CST,Southeastern,DOVER PRIORY,51.126054,1.304175,LONDON CANNON STREET,51.510577,-0.090615,114.9
EM_NOT_CRE,East Midlands Railway,NOTTINGHAM,52.948012,-1.145694,CREWE,53.089623,-2.432969,114.8
TL_SEV_WGC,Thameslink,SEVENOAKS,51.277394,0.182167,WELWYN GARDEN CITY,51.801005,-0.203100,114.7
NT_BPS_CNE,Northern,BLACKPOOL SOUTH,53.798608,-3.049057,COLNE,53.855189,-2.182393,114.7
NT_LAN_LDS,Northern,LANCASTER,54.048546,-2.807912,LEEDS,53.795162,-1.549093,114.6
NT_BBN_WGW,Northern,BLACKBURN,53.746514,-2.479122,WIGAN WALLGATE,53.545356,-2.633797,114.6
SW_EXD_SAL,South Western Railway,EXETER ST DAVIDS,50.729079,-3.544342,SALISBURY,51.070968,-1.805843,114.6
GW_GCR_FRO,Great Western Railway,GLOUCESTER,51.867536,-2.238135,FROME,51.227181,-2.309280,114.6
NT_BDQ_LAN,Northern,BRADFORD FORSTER SQUARE,53.795753,-1.752513,LANCASTER,54.048546,-2.807912,114.5
NT_WGW_BBN,Northern,WIGAN WALLGATE,53.545356,-2.633797,BLACKBURN,53.746514,-2.479122,114.3
SE_DVP_CHX,Southeastern,DOVER PRIORY,51.126054,1.304175,LONDON CHARING CROSS,51.508415,-0.123850,114.3
TL_WGC_SEV,Thameslink,WELWYN GARDEN CITY,51.801005,-0.203100,SEVENOAKS,51.277394,0.182167,114.2
TL_WHP_RAI,Thameslink,WEST HAMPSTEAD THAMESLINK,51.548167,-0.192888,RAINHAM (KENT),51.366630,0.611672,114.1
GW_PNZ_NQY,Great Western Railway,PENZANCE,50.121686,-5.532398,NEWQUAY,50.415367,-5.075531,114.0
SW_GIL_EXD,South Western Railway,GILLINGHAM (DORSET),51.033943,-2.272338,EXETER ST DAVIDS,50.729079,-3.544342,114.0
XC_YRK_BHM,CrossCountry,YORK,53.957964,-1.093182,BIRMINGHAM NEW STREET,52.478184,-1.898364,114.0
TP_CLE_SHF,TransPennine Express,CLEETHORPES,53.563170,-0.029615,SHEFFIELD,53.378646,-1.463308,113.8
GW_BRI_GMV,Great Western Railway,BRISTOL TEMPLE MEADS,51.449142,-2.581315,GREAT MALVERN,52.109197,-2.318271,113.8
LE_NRW_SSD,Greater Anglia,NORWICH,52.627152,1.306820,STANSTED AIRPORT,51.890222,0.301838,113.7
SW_PMH_WAT,South Western Railway,PORTSMOUTH HARBOUR,50.796159,-1.108891,LONDON WATERLOO,51.501916,-0.111149,113.6
AW_SWA_MFH,Transport for Wales,SWANSEA,51.625144,-3.941546,MILFORD HAVEN,51.716012,-5.041415,113.6
AW_SHR_AYW,Transport for Wales,SHREWSBURY,52.711393,-2.748938,ABERYSTWYTH,52.414043,-4.081893,113.5
SN_TBD_PMH,Southern,THREE BRIDGES,51.116922,-0.161184,PORTSMOUTH HARBOUR,50.796159,-1.108891,113.0
NT_MCV_WDM,Northern,MANCHESTER VICTORIA,53.487467,-2.242599,WINDERMERE,54.380408,-2.903717,113.0
SE_CBW_CHX,Southeastern,CANTERBURY WEST,51.284332,1.074562,LONDON CHARING CROSS,51.508415,-0.123850,113.0
NT_CNE_BPS,Northern,COLNE,53.855189,-2.182393,BLACKPOOL SOUTH,53.798608,-3.049057,113.0
CH_HWY_BMO,Chiltern Railways,HIGH WYCOMBE,51.629113,-0.745929,BIRMINGHAM MOOR STREET,52.479078,-1.892473,113.0
NT_MRY_BIF,Northern,MARYPORT,54.711580,-3.494705,BARROW-IN-FURNESS,54.118702,-3.226953,113.0
GR_LCN_KGX,LNER,LINCOLN,53.227105,-0.540951,LONDON KINGS CROSS,51.530882,-0.122926,112.6
SE_CHX_DVP,Southeastern,LONDON CHARING CROSS,51.508415,-0.123850,DOVER PRIORY,51.126054,1.304175,112.3
AW_SHR_LIV,Transport for Wales,SHREWSBURY,52.711393,-2.748938,LIVERPOOL LIME STREET,53.407307,-2.977726,112.2
LE_HPQ_CBG,Greater Anglia,HARWICH INTERNATIONAL,51.947747,1.255114,CAMBRIDGE,52.194558,0.137553,112.0
GW_PAD_FRO,Great Western Railway,LONDON PADDINGTON,51.516445,-0.176848,FROME,51.227181,-2.309280,112.0
XC_BHM_YRK,CrossCountry,BIRMINGHAM NEW STREET,52.478184,-1.898364,YORK,53.957964,-1.093182,112.0
SN_GTW_PMH,Southern,GATWICK AIRPORT,51.156489,-0.161042,PORTSMOUTH HARBOUR,50.796159,-1.108891,112.0
TP_SHF_LIV,TransPennine Express,SHEFFIELD,53.378646,-1.463308,LIVERPOOL LIME STREET,53.407307,-2.977726,111.8
EM_MAN_NOT,East Midlands Railway,MANCHESTER PICCADILLY,53.476707,-2.228978,NOTTINGHAM,52.948012,-1.145694,111.7
TL_RAI_WHP,Thameslink,RAINHAM (KENT),51.366630,0.611672,WEST HAMPSTEAD THAMESLINK,51.548167,-0.192888,111.5
AW_AYW_SHR,Transport for Wales,ABERYSTWYTH,52.414043,-4.081893,SHREWSBURY,52.711393,-2.748938,111.5
TL_LUT_SUO,Thameslink,LUTON,51.882279,-0.414898,SUTTON (LONDON),51.360182,-0.190241,111.5
SR_KMK_STR,ScotRail,KILMARNOCK,55.612793,-4.498998,STRANRAER,54.909601,-5.024737,111.4
EM_CRE_NOT,East Midlands Railway,CREWE,53.089623,-2.432969,NOTTINGHAM,52.948012,-1.145694,111.3
AW_RHY_BGN,Transport for Wales,RHYMNEY,51.759104,-3.289451,BRIDGEND,51.506527,-3.576255,111.3
AW_LIV_LLD,Transport for Wales,LIVERPOOL LIME STREET,53.407307,-2.977726,LLANDUDNO,53.320915,-3.827001,111.3
NT_LDS_NOT,Northern,LEEDS,53.795162,-1.549093,NOTTINGHAM,52.948012,-1.145694,111.2
TP_SHF_MIA,TransPennine Express,SHEFFIELD,53.378646,-1.463308,MANCHESTER AIRPORT,53.361571,-2.268930,111.2
NT_CLE_SHF,Northern,CLEETHORPES,53.563170,-0.029615,SHEFFIELD,53.378646,-1.463308,111.0
TP_HUL_MCV,TransPennine Express,HULL,53.743271,-0.347231,MANCHESTER VICTORIA,53.487467,-2.242599,111.0
XC_PLY_PNZ,CrossCountry,PLYMOUTH,50.377826,-4.143320,PENZANCE,50.121686,-5.532398,111.0
SW_SOU_WOK,South Western Railway,SOUTHAMPTON CENTRAL,50.907799,-1.413975,WOKING,51.318523,-0.557819,111.0
SW_FRM_WAT,South Western Railway,FAREHAM,50.853416,-1.191619,LONDON WATERLOO,51.501916,-0.111149,110.9
GW_TAU_GCR,Great Western Railway,TAUNTON,51.023666,-3.102109,GLOUCESTER,51.867536,-2.238135,110.5
NT_LDS_LAN,Northern,LEEDS,53.795162,-1.549093,LANCASTER,54.048546,-2.807912,110.5
GW_CDF_FRO,Great Western Railway,CARDIFF CENTRAL,51.475239,-3.177755,FROME,51.227181,-2.309280,110.0
LM_LMS_WOF,West Midlands Trains,LEAMINGTON SPA,52.284931,-1.536718,WORCESTER FOREGATE STREET,52.194829,-2.220863,110.0
NT_SOT_SPT,Northern,STOKE-ON-TRENT,53.008474,-2.180289,STOCKPORT,53.404908,-2.162409,110.0
GW_WSB_PMH,Great Western Railway,WESTBURY,51.266984,-2.199182,PORTSMOUTH HARBOUR,50.796159,-1.108891,110.0
SN_LIT_LBG,Southern,LITTLEHAMPTON,50.810294,-0.546557,LONDON BRIDGE,51.505091,-0.085080,110.0
GW_NQY_PLY,Great Western Railway,NEWQUAY,50.415367,-5.075531,PLYMOUTH,50.377826,-4.143320,110.0
SW_WAT_PMH,South Western Railway,LONDON WATERLOO,51.501916,-0.111149,PORTSMOUTH HARBOUR,50.796159,-1.108891,109.6
SR_GLC_DMF,ScotRail,GLASGOW CENT LL,55.858317,-4.259062,DUMFRIES,55.072363,-3.605235,109.6
SR_DMF_GLC,ScotRail,DUMFRIES,55.072363,-3.605235,GLASGOW CENT LL,55.858317,-4.259062,109.5
SR_STR_KMK,ScotRail,STRANRAER,54.909601,-5.024737,KILMARNOCK,55.612793,-4.498998,109.5
SN_BTN_SOU,Southern,BRIGHTON,50.829722,-0.141252,SOUTHAMPTON CENTRAL,50.907799,-1.413975,109.5
GW_WSB_CDF,Great Western Railway,WESTBURY,51.266984,-2.199182,CARDIFF CENTRAL,51.475239,-3.177755,109.3
TL_ORP_LUT,Thameslink,ORPINGTON,51.373520,0.089029,LUTON,51.882279,-0.414898,109.3
GW_GMV_BRI,Great Western Railway,GREAT MALVERN,52.109197,-2.318271,BRISTOL TEMPLE MEADS,51.449142,-2.581315,109.2
SN_BOG_VIC,Southern,BOGNOR REGIS,50.786659,-0.676388,LONDON VICTORIA,51.495256,-0.144559,109.1
TL_KTN_RAI,Thameslink,KENTISH TOWN,51.550029,-0.139446,RAINHAM (KENT),51.366630,0.611672,109.0
AW_HHD_CTR,Transport for Wales,HOLYHEAD,53.307682,-4.631002,CHESTER,53.196824,-2.880120,109.0
GW_FRO_PAD,Great Western Railway,FROME,51.227181,-2.309280,LONDON PADDINGTON,51.516445,-0.176848,109.0
SR_LRG_INV,ScotRail,LAIRG,58.001610,-4.400974,INVERNESS,57.480114,-4.223176,109.0
EM_DBY_LCN,East Midlands Railway,DERBY,52.916608,-1.463086,LINCOLN,53.227105,-0.540951,109.0
AW_LLJ_SHR,Transport for Wales,LLANDUDNO JUNCTION,53.283433,-3.808900,SHREWSBURY,52.711393,-2.748938,108.5
AW_LLJ_LIV,Transport for Wales,LLANDUDNO JUNCTION,53.283433,-3.808900,LIVERPOOL LIME STREET,53.407307,-2.977726,108.5
SE_STP_RAM,Southeastern,LONDON ST PANCRAS,51.532725,-0.125734,RAMSGATE,51.340823,1.405779,108.3
GR_KGX_LCN,LNER,LONDON KINGS CROSS,51.530882,-0.122926,LINCOLN,53.227105,-0.540951,108.3
SN_VIC_BOG,Southern,LONDON VICTORIA,51.495256,-0.144559,BOGNOR REGIS,50.786659,-0.676388,108.3
NT_HUL_HFX,Northern,HULL,53.743271,-0.347231,HALIFAX,53.720421,-1.854486,108.3
TL_SUO_LUT,Thameslink,SUTTON (LONDON),51.360182,-0.190241,LUTON,51.882279,-0.414898,108.0
NT_RET_LDS,Northern,RETFORD,53.315888,-0.947731,LEEDS,53.795162,-1.549093,108.0
NT_SHF_CLE,Northern,SHEFFIELD,53.378646,-1.463308,CLEETHORPES,53.563170,-0.029615,108.0
TL_RAI_KTN,Thameslink,RAINHAM (KENT),51.366630,0.611672,KENTISH TOWN,51.550029,-0.139446,108.0
LE_NRW_LST,Greater Anglia,NORWICH,52.627152,1.306820,LIVERPOOL STREET EL,51.517601,-0.080232,107.9
SN_LIT_VIC,Southern,LITTLEHAMPTON,50.810294,-0.546557,LONDON VICTORIA,51.495256,-0.144559,107.8
GN_KLN_KGX,Great Northern,KINGS LYNN,52.754138,0.403444,LONDON KINGS CROSS,51.530882,-0.122926,107.5
LE_LST_NRW,Greater Anglia,LIVERPOOL STREET EL,51.517601,-0.080232,NORWICH,52.627152,1.306820,107.4
NT_NCL_GTA,Northern,NEWCASTLE,54.968221,-1.617282,GREAT AYTON,54.490188,-1.113865,107.4
EM_PBO_NNG,East Midlands Railway,PETERBOROUGH,52.574974,-0.249837,NEWARK NORTHGATE,53.082563,-0.799653,107.0
GW_SVB_FRO,Great Western Railway,SEVERN BEACH,51.559294,-2.664942,FROME,51.227181,-2.309280,107.0
SN_SOU_BTN,Southern,SOUTHAMPTON CENTRAL,50.907799,-1.413975,BRIGHTON,50.829722,-0.141252,107.0
SW_SOU_WEY,South Western Railway,SOUTHAMPTON CENTRAL,50.907799,-1.413975,WEYMOUTH,50.615220,-2.455069,106.6
SN_VIC_LIT,Southern,LONDON VICTORIA,51.495256,-0.144559,LITTLEHAMPTON,50.810294,-0.546557,106.6
GW_TAU_SVB,Great Western Railway,TAUNTON,51.023666,-3.102109,SEVERN BEACH,51.559294,-2.664942,106.5
AW_SWA_FGH,Transport for Wales,SWANSEA,51.625144,-3.941546,FISHGUARD HARBOUR,52.011541,-4.985642,106.4
LE_LST_ELY,Greater Anglia,LIVERPOOL STREET EL,51.517601,-0.080232,ELY,52.390883,0.266075,106.2
GW_WOS_DID,Great Western Railway,WORCESTER SHRUB HILL,52.194848,-2.210623,DIDCOT PARKWAY,51.610892,-1.243227,106.0
SN_LBG_BOG,Southern,LONDON BRIDGE,51.505091,-0.085080,BOGNOR REGIS,50.786659,-0.676388,106.0
VT_PRE_BHM,Avanti West Coast,PRESTON,53.755266,-2.708238,BIRMINGHAM NEW STREET,52.478184,-1.898364,106.0
SW_BSK_POO,South Western Railway,BASINGSTOKE,51.268092,-1.086896,POOLE,50.718626,-1.982949,106.0
AW_CTR_WVH,Transport for Wales,CHESTER,53.196824,-2.880120,WOLVERHAMPTON,52.587843,-2.119515,106.0
SN_LBG_LIT,Southern,LONDON BRIDGE,51.505091,-0.085080,LITTLEHAMPTON,50.810294,-0.546557,106.0
SW_WOK_PMH,South Western Railway,WOKING,51.318523,-0.557819,PORTSMOUTH HARBOUR,50.796159,-1.108891,105.8
NT_RET_NOT,Northern,RETFORD,53.315888,-0.947731,NOTTINGHAM,52.948012,-1.145694,105.8
SE_RAM_STP,Southeastern,RAMSGATE,51.340823,1.405779,LONDON ST PANCRAS,51.532725,-0.125734,105.7
SN_PMH_GTW,Southern,PORTSMOUTH HARBOUR,50.796159,-1.108891,GATWICK AIRPORT,51.156489,-0.161042,105.5
GN_KGX_KLN,Great Northern,LONDON KINGS CROSS,51.530882,-0.122926,KINGS LYNN,52.754138,0.403444,105.4
TL_TBD_LUT,Thameslink,THREE BRIDGES,51.116922,-0.161184,LUTON,51.882279,-0.414898,105.4
TL_LUT_ORP,Thameslink,LUTON,51.882279,-0.414898,ORPINGTON,51.373520,0.089029,105.2
SR_MLN_EDB,ScotRail,MILNGAVIE,55.940859,-4.315111,EDINBURGH,55.952391,-3.188228,105.0
AW_MFH_SWA,Transport for Wales,MILFORD HAVEN,51.716012,-5.041415,SWANSEA,51.625144,-3.941546,105.0
LM_LMS_WOS,West Midlands Trains,LEAMINGTON SPA,52.284931,-1.536718,WORCESTER SHRUB HILL,52.194848,-2.210623,105.0
GR_DON_KGX,LNER,DONCASTER,53.521477,-1.140236,LONDON KINGS CROSS,51.530882,-0.122926,104.8
NT_HFX_HUL,Northern,HALIFAX,53.720421,-1.854486,HULL,53.743271,-0.347231,104.7
AW_FGH_SWA,Transport for Wales,FISHGUARD HARBOUR,52.011541,-4.985642,SWANSEA,51.625144,-3.941546,104.6
TP_NCL_EDB,TransPennine Express,NEWCASTLE,54.968221,-1.617282,EDINBURGH,55.952391,-3.188228,104.5
SE_ORE_CHX,Southeastern,ORE,50.867028,0.590748,LONDON CHARING CROSS,51.508415,-0.123850,104.0
GR_KGX_DON,LNER,LONDON KINGS CROSS,51.530882,-0.122926,DONCASTER,53.521477,-1.140236,104.0
SR_GLC_GIR,ScotRail,GLASGOW CENT LL,55.858317,-4.259062,GIRVAN,55.246479,-4.848865,104.0
SR_KYL_UIG,ScotRail,KYLE OF LOCHALSH,57.280487,-5.713005,UIG BUS,57.584952,-6.368493,103.5
TP_EDB_NCL,TransPennine Express,EDINBURGH,55.952391,-3.188228,NEWCASTLE,54.968221,-1.617282,103.5
SE_BSR_STP,Southeastern,BROADSTAIRS,51.360713,1.433118,LONDON ST PANCRAS,51.532725,-0.125734,103.2
EM_NOT_STP,East Midlands Railway,NOTTINGHAM,52.948012,-1.145694,LONDON ST PANCRAS,51.532725,-0.125734,103.1
TL_KTN_GLM,Thameslink,KENTISH TOWN,51.550029,-0.139446,GILLINGHAM (KENT),51.386884,0.549580,103.0
GW_EXM_BNP,Great Western Railway,EXMOUTH,50.621003,-3.414981,BARNSTAPLE,51.073584,-4.063971,103.0
NT_SOP_RCD,Northern,SOUTHPORT,53.647098,-3.002933,ROCHDALE,53.609857,-2.152616,103.0
NT_WML_LIV,Northern,WILMSLOW,53.326605,-2.225170,LIVERPOOL LIME STREET,53.407307,-2.977726,102.9
AW_CEN_BNG,Transport for Wales,CORWEN BUS STATION,52.979985,-3.374665,BANGOR (GWYNEDD),53.222281,-4.135880,102.7
GW_BRI_WOF,Great Western Railway,BRISTOL TEMPLE MEADS,51.449142,-2.581315,WORCESTER FOREGATE STREET,52.194829,-2.220863,102.5
LE_ELY_LST,Greater Anglia,ELY,52.390883,0.266075,LIVERPOOL STREET EL,51.517601,-0.080232,102.5
TL_LUT_TBD,Thameslink,LUTON,51.882279,-0.414898,THREE BRIDGES,51.116922,-0.161184,102.5
LM_LIV_BHM,West Midlands Trains,LIVERPOOL LIME STREET,53.407307,-2.977726,BIRMINGHAM NEW STREET,52.478184,-1.898364,102.5
LM_SAV_KID,West Midlands Trains,STRATFORD-UPON-AVON,52.193797,-1.716145,KIDDERMINSTER,52.384488,-2.239440,102.4
EM_STP_NOT,East Midlands Railway,LONDON ST PANCRAS,51.532725,-0.125734,NOTTINGHAM,52.948012,-1.145694,102.1
NT_GTA_NCL,Northern,GREAT AYTON,54.490188,-1.113865,NEWCASTLE,54.968221,-1.617282,102.0
NT_WTH_MLM,Northern,WHITEHAVEN,54.548616,-3.587689,MILLOM,54.210822,-3.271084,102.0
LE_HWC_LST,Greater Anglia,HARWICH TOWN,51.944206,1.285420,LIVERPOOL STREET EL,51.517601,-0.080232,102.0
SE_HGS_CST,Southeastern,HASTINGS,50.858359,0.576057,LONDON CANNON STREET,51.510577,-0.090615,101.9
LM_BHM_LIV,West Midlands Trains,BIRMINGHAM NEW STREET,52.478184,-1.898364,LIVERPOOL LIME STREET,53.407307,-2.977726,101.9
LM_KID_SAV,West Midlands Trains,KIDDERMINSTER,52.384488,-2.239440,STRATFORD-UPON-AVON,52.193797,-1.716145,101.9
SR_DMR_EDB,ScotRail,DALMUIR,55.911742,-4.426989,EDINBURGH,55.952391,-3.188228,101.8
GW_PLY_NQY,Great Western Railway,PLYMOUTH,50.377826,-4.143320,NEWQUAY,50.415367,-5.075531,101.5
TP_MAN_YRK,TransPennine Express,MANCHESTER PICCADILLY,53.476707,-2.228978,YORK,53.957964,-1.093182,101.3
AW_LLE_CDF,Transport for Wales,LLANELLI,51.673447,-4.162007,CARDIFF CENTRAL,51.475239,-3.177755,101.2
SE_CHX_HGS,Southeastern,LONDON CHARING CROSS,51.508415,-0.123850,HASTINGS,50.858359,0.576057,101.0
LE_WON_LST,Greater Anglia,WALTON-ON-THE-NAZE,51.846649,1.268140,LIVERPOOL STREET EL,51.517601,-0.080232,101.0
AW_BNG_CEN,Transport for Wales,BANGOR (GWYNEDD),53.222281,-4.135880,CORWEN BUS STATION,52.979985,-3.374665,101.0
GR_KLB_PBO,LNER,KINGS LYNN COACH,52.754228,0.399003,PETERBOROUGH,52.574974,-0.249837,100.8
GW_GCR_WSB,Great Western Railway,GLOUCESTER,51.867536,-2.238135,WESTBURY,51.266984,-2.199182,100.8
SE_HGS_CHX,Southeastern,HASTINGS,50.858359,0.576057,LONDON CHARING CROSS,51.508415,-0.123850,100.6
GW_EXC_BRI,Great Western Railway,EXETER CENTRAL,50.726532,-3.532924,BRISTOL TEMPLE MEADS,51.449142,-2.581315,100.5
NT_CLH_RCD,Northern,CLITHEROE,53.875358,-2.392377,ROCHDALE,53.609857,-2.152616,100.4
LE_IPS_PBO,Greater Anglia,IPSWICH,52.050591,1.144426,PETERBOROUGH,52.574974,-0.249837,100.4
SR_DEE_GLQ,ScotRail,DUNDEE,56.452821,-2.988017,GLASGOW QS LL,55.862055,-4.251288,100.2
NT_SLB_NCL,Northern,SALTBURN,54.583450,-0.974133,NEWCASTLE,54.968221,-1.617282,100.0
AW_BFF_CFS,Transport for Wales,BLAENAU FFESTINIOG,52.996304,-3.944396,CAERNARFON BUS STATION,53.139709,-4.273821,100.0
GW_BNP_EXM,Great Western Railway,BARNSTAPLE,51.073584,-4.063971,EXMOUTH,50.621003,-3.414981,100.0
GW_CDF_WSB,Great Western Railway,CARDIFF CENTRAL,51.475239,-3.177755,WESTBURY,51.266984,-2.199182,100.0
NT_SPT_SOT,Northern,STOCKPORT,53.404908,-2.162409,STOKE-ON-TRENT,53.008474,-2.180289,100.0
SE_AFK_VIC,Southeastern,ASHFORD INTERNATIONAL,51.143732,0.873597,LONDON VICTORIA,51.495256,-0.144559,99.9
SW_YVJ_SAL,South Western Railway,YEOVIL JUNCTION,50.924743,-2.613168,SALISBURY,51.070968,-1.805843,99.8
SE_TON_RAM,Southeastern,TONBRIDGE,51.191192,0.269689,RAMSGATE,51.340823,1.405779,99.7
LE_CBG_HPQ,Greater Anglia,CAMBRIDGE,52.194558,0.137553,HARWICH INTERNATIONAL,51.947747,1.255114,99.7
GR_NCL_EDB,LNER,NEWCASTLE,54.968221,-1.617282,EDINBURGH,55.952391,-3.188228,99.7
NT_LIV_WML,Northern,LIVERPOOL LIME STREET,53.407307,-2.977726,WILMSLOW,53.326605,-2.225170,99.6
TP_YRK_MAN,TransPennine Express,YORK,53.957964,-1.093182,MANCHESTER PICCADILLY,53.476707,-2.228978,99.6
SR_UIG_KYL,ScotRail,UIG BUS,57.584952,-6.368493,KYLE OF LOCHALSH,57.280487,-5.713005,99.3
SR_HLC_BHG,ScotRail,HELENSBURGH CENTRAL,56.004207,-4.732758,BATHGATE,55.896937,-3.635927,99.3
NT_BPN_MIA,Northern,BLACKPOOL NORTH,53.821074,-3.049618,MANCHESTER AIRPORT,53.361571,-2.268930,99.3
SW_WEY_SOU,South Western Railway,WEYMOUTH,50.615220,-2.455069,SOUTHAMPTON CENTRAL,50.907799,-1.413975,99.2
SN_SOU_HRH,Southern,SOUTHAMPTON CENTRAL,50.907799,-1.413975,HORSHAM,51.066236,-0.318764,99.0
TP_OXN_MIA,TransPennine Express,OXENHOLME LAKE DISTRICT,54.305237,-2.722260,MANCHESTER AIRPORT,53.361571,-2.268930,98.9
SR_GLQ_DEE,ScotRail,GLASGOW QS LL,55.862055,-4.251288,DUNDEE,56.452821,-2.988017,98.7
NT_RCD_CLH,Northern,ROCHDALE,53.609857,-2.152616,CLITHEROE,53.875358,-2.392377,98.6
SN_PMH_BTN,Southern,PORTSMOUTH HARBOUR,50.796159,-1.108891,BRIGHTON,50.829722,-0.141252,98.6
XC_PGN_BRI,CrossCountry,PAIGNTON,50.434724,-3.564313,BRISTOL TEMPLE MEADS,51.449142,-2.581315,98.5
EM_NOT_BSN,East Midlands Railway,NOTTINGHAM,52.948012,-1.145694,BOSTON,52.978825,-0.030985,98.4
EM_BSN_NOT,East Midlands Railway,BOSTON,52.978825,-0.030985,NOTTINGHAM,52.948012,-1.145694,98.3
SE_CHX_AFK,Southeastern,LONDON CHARING CROSS,51.508415,-0.123850,ASHFORD INTERNATIONAL,51.143732,0.873597,98.1
SN_EBN_LBG,Southern,EASTBOURNE,50.769149,0.281817,LONDON BRIDGE,51.505091,-0.085080,98.0
VT_CTR_HHD,Avanti West Coast,CHESTER,53.196824,-2.880120,HOLYHEAD,53.307682,-4.631002,98.0
GR_EDB_NCL,LNER,EDINBURGH,55.952391,-3.188228,NEWCASTLE,54.968221,-1.617282,98.0
NT_LAN_MLM,Northern,LANCASTER,54.048546,-2.807912,MILLOM,54.210822,-3.271084,98.0
VT_HHD_CTR,Avanti West Coast,HOLYHEAD,53.307682,-4.631002,CHESTER,53.196824,-2.880120,97.8
GW_WOF_BRI,Great Western Railway,WORCESTER FOREGATE STREET,52.194829,-2.220863,BRISTOL TEMPLE MEADS,51.449142,-2.581315,97.2
TP_MCV_YRK,TransPennine Express,MANCHESTER VICTORIA,53.487467,-2.242599,YORK,53.957964,-1.093182,97.0
SW_BMH_BSK,South Western Railway,BOURNEMOUTH,50.727541,-1.863935,BASINGSTOKE,51.268092,-1.086896,97.0
NT_SOP_SYB,Northern,SOUTHPORT,53.647098,-3.002933,STALYBRIDGE,53.484100,-2.064760,97.0
GW_BPW_SWA,Great Western Railway,BRISTOL PARKWAY,51.514064,-2.543233,SWANSEA,51.625144,-3.941546,97.0
NT_SHF_BEV,Northern,SHEFFIELD,53.378646,-1.463308,BEVERLEY,53.842284,-0.423892,97.0
TL_LUT_GTW,Thameslink,LUTON,51.882279,-0.414898,GATWICK AIRPORT,51.156489,-0.161042,96.8
GW_BRI_PAD,Great Western Railway,BRISTOL TEMPLE MEADS,51.449142,-2.581315,LONDON PADDINGTON,51.516445,-0.176848,96.8
NT_MIA_BPN,Northern,MANCHESTER AIRPORT,53.361571,-2.268930,BLACKPOOL NORTH,53.821074,-3.049618,96.8
LM_NMP_CRE,West Midlands Trains,NORTHAMPTON,52.236734,-0.907536,CREWE,53.089623,-2.432969,96.8
SR_EDB_MLN,ScotRail,EDINBURGH,55.952391,-3.188228,MILNGAVIE,55.940859,-4.315111,96.6
SN_VIC_WRH,Southern,LONDON VICTORIA,51.495256,-0.144559,WORTHING,50.818836,-0.375933,96.5
SE_VIC_AFK,Southeastern,LONDON VICTORIA,51.495256,-0.144559,ASHFORD INTERNATIONAL,51.143732,0.873597,96.4
SN_BTN_PMH,Southern,BRIGHTON,50.829722,-0.141252,PORTSMOUTH HARBOUR,50.796159,-1.108891,96.1
AW_CTR_HHD,Transport for Wales,CHESTER,53.196824,-2.880120,HOLYHEAD,53.307682,-4.631002,96.0
VT_BHM_PRE,Avanti West Coast,BIRMINGHAM NEW STREET,52.478184,-1.898364,PRESTON,53.755266,-2.708238,96.0
SR_GRS_EDB,ScotRail,GARSCADDEN,55.887788,-4.364722,EDINBURGH,55.952391,-3.188228,96.0
NT_SYB_SOP,Northern,STALYBRIDGE,53.484100,-2.064760,SOUTHPORT,53.647098,-3.002933,95.9
AW_CFS_BFF,Transport for Wales,CAERNARFON BUS STATION,53.139709,-4.273821,BLAENAU FFESTINIOG,52.996304,-3.944396,95.7
SN_HGS_HHE,Southern,HASTINGS,50.858359,0.576057,HAYWARDS HEATH,51.005421,-0.105730,95.5
LE_PBO_IPS,Greater Anglia,PETERBOROUGH,52.574974,-0.249837,IPSWICH,52.050591,1.144426,95.2
LM_CRE_NMP,West Midlands Trains,CREWE,53.089623,-2.432969,NORTHAMPTON,52.236734,-0.907536,95.2
LM_RGL_WVH,West Midlands Trains,RUGELEY TRENT VALLEY,52.769474,-1.930296,WOLVERHAMPTON,52.587843,-2.119515,95.0
SE_CHX_CST,Southeastern,LONDON CHARING CROSS,51.508415,-0.123850,LONDON CANNON STREET,51.510577,-0.090615,95.0
NT_NCL_NNT,Northern,NEWCASTLE,54.968221,-1.617282,NUNTHORPE,54.528334,-1.170212,95.0
XC_RDG_BMH,CrossCountry,READING,51.458684,-0.973708,BOURNEMOUTH,50.727541,-1.863935,95.0
NT_NNT_NCL,Northern,NUNTHORPE,54.528334,-1.170212,NEWCASTLE,54.968221,-1.617282,94.8
GW_BRI_WOS,Great Western Railway,BRISTOL TEMPLE MEADS,51.449142,-2.581315,WORCESTER SHRUB HILL,52.194848,-2.210623,94.8
GR_NCL_DON,LNER,NEWCASTLE,54.968221,-1.617282,DONCASTER,53.521477,-1.140236,94.0
LM_SBJ_SAV,West Midlands Trains,STOURBRIDGE JUNCTION,52.447585,-2.133847,STRATFORD-UPON-AVON,52.193797,-1.716145,94.0
AW_BYI_RHY,Transport for Wales,BARRY ISLAND,51.392412,-3.273363,RHYMNEY,51.759104,-3.289451,93.9
GW_PAD_BRI,Great Western Railway,LONDON PADDINGTON,51.516445,-0.176848,BRISTOL TEMPLE MEADS,51.449142,-2.581315,93.9
XC_BHM_RDG,CrossCountry,BIRMINGHAM NEW STREET,52.478184,-1.898364,READING,51.458684,-0.973708,93.7
SN_EBN_VIC,Southern,EASTBOURNE,50.769149,0.281817,LONDON VICTORIA,51.495256,-0.144559,93.7
SR_CUB_DMR,ScotRail,CUMBERNAULD,55.941278,-3.982058,DALMUIR,55.911742,-4.426989,93.6
SR_EDB_GRS,ScotRail,EDINBURGH,55.952391,-3.188228,GARSCADDEN,55.887788,-4.364722,93.5
NT_WTB_MBR,Northern,WHITBY,54.484608,-0.615403,MIDDLESBROUGH,54.579073,-1.232614,93.5
LM_WOF_DDG,West Midlands Trains,WORCESTER FOREGATE STREET,52.194829,-2.220863,DORRIDGE,52.371888,-1.753195,93.4
TP_MIA_OXN,TransPennine Express,MANCHESTER AIRPORT,53.361571,-2.268930,OXENHOLME LAKE DISTRICT,54.305237,-2.722260,93.3
NT_CAR_NCL,Northern,CARLISLE,54.890646,-2.933815,NEWCASTLE,54.968221,-1.617282,93.3
SR_PTH_EDB,ScotRail,PERTH,56.392691,-3.440044,EDINBURGH,55.952391,-3.188228,93.2
SE_SDW_STP,Southeastern,SANDWICH,51.269768,1.343161,LONDON ST PANCRAS,51.532725,-0.125734,93.1
GW_WEY_WSB,Great Western Railway,WEYMOUTH,50.615220,-2.455069,WESTBURY,51.266984,-2.199182,93.0
GW_EXD_BRI,Great Western Railway,EXETER ST DAVIDS,50.729079,-3.544342,BRISTOL TEMPLE MEADS,51.449142,-2.581315,93.0
LM_COV_EUS,West Midlands Trains,COVENTRY,52.400812,-1.513460,LONDON EUSTON,51.528370,-0.134563,93.0
SE_FAV_AFK,Southeastern,FAVERSHAM,51.311491,0.891246,ASHFORD INTERNATIONAL,51.143732,0.873597,93.0
SR_CUB_MLN,ScotRail,CUMBERNAULD,55.941278,-3.982058,MILNGAVIE,55.940859,-4.315111,93.0
XC_RDG_BHM,CrossCountry,READING,51.458684,-0.973708,BIRMINGHAM NEW STREET,52.478184,-1.898364,93.0
SE_FAV_VIC,Southeastern,FAVERSHAM,51.311491,0.891246,LONDON VICTORIA,51.495256,-0.144559,93.0
EM_CLE_NNG,East Midlands Railway,CLEETHORPES,53.563170,-0.029615,NEWARK NORTHGATE,53.082563,-0.799653,93.0
SE_VIC_FAV,Southeastern,LONDON VICTORIA,51.495256,-0.144559,FAVERSHAM,51.311491,0.891246,93.0
NT_MBR_WTB,Northern,MIDDLESBROUGH,54.579073,-1.232614,WHITBY,54.484608,-0.615403,92.9
GW_BRI_EXD,Great Western Railway,BRISTOL TEMPLE MEADS,51.449142,-2.581315,EXETER ST DAVIDS,50.729079,-3.544342,92.9
GW_WSB_WEY,Great Western Railway,WESTBURY,51.266984,-2.199182,WEYMOUTH,50.615220,-2.455069,92.8
SE_CST_HGS,Southeastern,LONDON CANNON STREET,51.510577,-0.090615,HASTINGS,50.858359,0.576057,92.7
LM_MKC_BHM,West Midlands Trains,MILTON KEYNES CENTRAL,52.034039,-0.775450,BIRMINGHAM NEW STREET,52.478184,-1.898364,92.5
SR_ARD_INV,ScotRail,ARDGAY,57.881029,-4.362567,INVERNESS,57.480114,-4.223176,92.4
SW_POO_WIN,South Western Railway,POOLE,50.718626,-1.982949,WINCHESTER,51.067358,-1.320625,92.3
AW_RHY_BYI,Transport for Wales,RHYMNEY,51.759104,-3.289451,BARRY ISLAND,51.392412,-3.273363,92.1
LM_DDG_WOF,West Midlands Trains,DORRIDGE,52.371888,-1.753195,WORCESTER FOREGATE STREET,52.194829,-2.220863,92.0
GW_PAD_WSB,Great Western Railway,LONDON PADDINGTON,51.516445,-0.176848,WESTBURY,51.266984,-2.199182,92.0
AW_LLO_SHR,Transport for Wales,LLANDRINDOD,52.242712,-3.379588,SHREWSBURY,52.711393,-2.748938,92.0
NT_HUL_BDI,Northern,HULL,53.743271,-0.347231,BRADFORD INTERCHANGE,53.790354,-1.749509,92.0
AW_SWA_HVF,Transport for Wales,SWANSEA,51.625144,-3.941546,HAVERFORDWEST,51.802630,-4.960203,92.0
SN_VIC_CCH,Southern,LONDON VICTORIA,51.495256,-0.144559,CHICHESTER,50.831885,-0.783031,92.0
SN_LBG_EBN,Southern,LONDON BRIDGE,51.505091,-0.085080,EASTBOURNE,50.769149,0.281817,92.0
GW_WSM_CDF,Great Western Railway,WESTON-SUPER-MARE,51.344046,-2.971944,CARDIFF CENTRAL,51.475239,-3.177755,92.0
GW_PGN_EXM,Great Western Railway,PAIGNTON,50.434724,-3.564313,EXMOUTH,50.621003,-3.414981,91.9
NT_NCL_CAR,Northern,NEWCASTLE,54.968221,-1.617282,CARLISLE,54.890646,-2.933815,91.9
XC_MAN_BHM,CrossCountry,MANCHESTER PICCADILLY,53.476707,-2.228978,BIRMINGHAM NEW STREET,52.478184,-1.898364,91.9
SR_DMR_CUB,ScotRail,DALMUIR,55.911742,-4.426989,CUMBERNAULD,55.941278,-3.982058,91.8
LM_WOS_DDG,West Midlands Trains,WORCESTER SHRUB HILL,52.194848,-2.210623,DORRIDGE,52.371888,-1.753195,91.7
AW_WLP_AYW,Transport for Wales,WELSHPOOL,52.657021,-3.141263,ABERYSTWYTH,52.414043,-4.081893,91.7
SE_AFK_CHX,Southeastern,ASHFORD INTERNATIONAL,51.143732,0.873597,LONDON CHARING CROSS,51.508415,-0.123850,91.4
GW_RDG_RDH,Great Western Railway,READING,51.458684,-0.973708,REDHILL,51.240183,-0.164869,91.3
LE_CBG_SRA,Greater Anglia,CAMBRIDGE,52.194558,0.137553,STRATFORD (LONDON),51.540613,-0.004275,91.0
LM_WOF_WTE,West Midlands Trains,WORCESTER FOREGATE STREET,52.194829,-2.220863,WHITLOCKS END,52.391830,-1.851539,91.0
SW_RDG_GIL,South Western Railway,READING,51.458684,-0.973708,GILLINGHAM (DORSET),51.033943,-2.272338,91.0
XC_BHM_MAN,CrossCountry,BIRMINGHAM NEW STREET,52.478184,-1.898364,MANCHESTER PICCADILLY,53.476707,-2.228978,91.0
SE_STP_MAR,Southeastern,LONDON ST PANCRAS,51.532725,-0.125734,MARGATE,51.384987,1.371683,90.9
SW_BCU_WEY,South Western Railway,BROCKENHURST,50.816769,-1.574099,WEYMOUTH,50.615220,-2.455069,90.8
GW_EXM_PGN,Great Western Railway,EXMOUTH,50.621003,-3.414981,PAIGNTON,50.434724,-3.564313,90.7
SR_EDB_PTH,ScotRail,EDINBURGH,55.952391,-3.188228,PERTH,56.392691,-3.440044,90.6
GW_RDG_GTW,Great Western Railway,READING,51.458684,-0.973708,GATWICK AIRPORT,51.156489,-0.161042,90.6
SR_MLN_CUB,ScotRail,MILNGAVIE,55.940859,-4.315111,CUMBERNAULD,55.941278,-3.982058,90.2
GW_WOS_BRI,Great Western Railway,WORCESTER SHRUB HILL,52.194848,-2.210623,BRISTOL TEMPLE MEADS,51.449142,-2.581315,90.1
SW_SAL_WAT,South Western Railway,SALISBURY,51.070968,-1.805843,LONDON WATERLOO,51.501916,-0.111149,90.1
TL_SAC_SUO,Thameslink,ST ALBANS CITY,51.748879,-0.326858,SUTTON (LONDON),51.360182,-0.190241,90.0
SW_WAT_SAL,South Western Railway,LONDON WATERLOO,51.501916,-0.111149,SALISBURY,51.070968,-1.805843,90.0
NT_MRY_SEL,Northern,MARYPORT,54.711580,-3.494705,SELLAFIELD,54.416568,-3.511689,90.0
SE_MAR_STP,Southeastern,MARGATE,51.384987,1.371683,LONDON ST PANCRAS,51.532725,-0.125734,89.6
LM_HFD_BHM,West Midlands Trains,HEREFORD,52.060743,-2.708831,BIRMINGHAM NEW STREET,52.478184,-1.898364,89.5
XR_SNF_HAF,Elizabeth Line,SHENFIELD,51.630663,0.330577,HEATHROW TERMINAL 4,51.458266,-0.445463,89.5
TP_SLB_YRK,TransPennine Express,SALTBURN,54.583450,-0.974133,YORK,53.957964,-1.093182,89.3
GW_GTW_RDG,Great Western Railway,GATWICK AIRPORT,51.156489,-0.161042,READING,51.458684,-0.973708,89.1
SW_FNH_WAT,South Western Railway,FARNHAM,51.211478,-0.793097,LONDON WATERLOO,51.501916,-0.111149,89.0
NT_CTR_MAN,Northern,CHESTER,53.196824,-2.880120,MANCHESTER PICCADILLY,53.476707,-2.228978,88.9
AW_LLD_CRE,Transport for Wales,LLANDUDNO,53.320915,-3.827001,CREWE,53.089623,-2.432969,88.9
SR_BHG_HLC,ScotRail,BATHGATE,55.896937,-3.635927,HELENSBURGH CENTRAL,56.004207,-4.732758,88.8
LE_CLT_LST,Greater Anglia,CLACTON-ON-SEA,51.794001,1.154092,LIVERPOOL STREET EL,51.517601,-0.080232,88.5
GW_SWA_BPW,Great Western Railway,SWANSEA,51.625144,-3.941546,BRISTOL PARKWAY,51.514064,-2.543233,88.5
LM_BHM_HFD,West Midlands Trains,BIRMINGHAM NEW STREET,52.478184,-1.898364,HEREFORD,52.060743,-2.708831,88.3
LE_LWT_IPS,Greater Anglia,LOWESTOFT,52.473651,1.748949,IPSWICH,52.050591,1.144426,88.3
LE_LST_CLT,Greater Anglia,LIVERPOOL STREET EL,51.517601,-0.080232,CLACTON-ON-SEA,51.794001,1.154092,88.3
GW_RDH_RDG,Great Western Railway,REDHILL,51.240183,-0.164869,READING,51.458684,-0.973708,88.2
LE_LST_HWC,Greater Anglia,LIVERPOOL STREET EL,51.517601,-0.080232,HARWICH TOWN,51.944206,1.285420,88.0
SW_HAV_WAT,South Western Railway,HAVANT,50.854480,-0.982761,LONDON WATERLOO,51.501916,-0.111149,88.0
SR_INV_ARD,ScotRail,INVERNESS,57.480114,-4.223176,ARDGAY,57.881029,-4.362567,88.0
SW_YVJ_EXD,South Western Railway,YEOVIL JUNCTION,50.924743,-2.613168,EXETER ST DAVIDS,50.729079,-3.544342,88.0
XC_EDB_NCL,CrossCountry,EDINBURGH,55.952391,-3.188228,NEWCASTLE,54.968221,-1.617282,88.0
SE_CHX_GLM,Southeastern,LONDON CHARING CROSS,51.508415,-0.123850,GILLINGHAM (KENT),51.386884,0.549580,88.0
SW_SAL_YVJ,South Western Railway,SALISBURY,51.070968,-1.805843,YEOVIL JUNCTION,50.924743,-2.613168,88.0
SR_DEE_EDB,ScotRail,DUNDEE,56.452821,-2.988017,EDINBURGH,55.952391,-3.188228,88.0
LE_LST_CMB,Greater Anglia,LIVERPOOL STREET EL,51.517601,-0.080232,CAMBRIDGE NORTH,52.224758,0.158038,87.7
LM_DDG_WOS,West Midlands Trains,DORRIDGE,52.371888,-1.753195,WORCESTER SHRUB HILL,52.194848,-2.210623,87.5
NT_MAN_CTR,Northern,MANCHESTER PICCADILLY,53.476707,-2.228978,CHESTER,53.196824,-2.880120,87.5
XR_HAF_SNF,Elizabeth Line,HEATHROW TERMINAL 4,51.458266,-0.445463,SHENFIELD,51.630663,0.330577,87.4
SN_VIC_EBN,Southern,LONDON VICTORIA,51.495256,-0.144559,EASTBOURNE,50.769149,0.281817,87.4
LE_CMB_LST,Greater Anglia,CAMBRIDGE NORTH,52.224758,0.158038,LIVERPOOL STREET EL,51.517601,-0.080232,87.2
TL_RAI_LBG,Thameslink,RAINHAM (KENT),51.366630,0.611672,LONDON BRIDGE,51.505091,-0.085080,87.0
AW_LLV_SWA,Transport for Wales,LLANDOVERY,51.995127,-3.803113,SWANSEA,51.625144,-3.941546,87.0
AW_BGN_EBB,Transport for Wales,BRIDGEND,51.506527,-3.576255,EBBW VALE TOWN,51.782453,-3.207485,87.0
TL_LBG_RAI,Thameslink,LONDON BRIDGE,51.505091,-0.085080,RAINHAM (KENT),51.366630,0.611672,87.0
GN_KGX_CBG,Great Northern,LONDON KINGS CROSS,51.530882,-0.122926,CAMBRIDGE,52.194558,0.137553,86.9
LE_IPS_LWT,Greater Anglia,IPSWICH,52.050591,1.144426,LOWESTOFT,52.473651,1.748949,86.7
SN_HRH_VIC,Southern,HORSHAM,51.066236,-0.318764,LONDON VICTORIA,51.495256,-0.144559,86.6
TP_OXN_LIV,TransPennine Express,OXENHOLME LAKE DISTRICT,54.305237,-2.722260,LIVERPOOL LIME STREET,53.407307,-2.977726,86.5
GN_CBG_KGX,Great Northern,CAMBRIDGE,52.194558,0.137553,LONDON KINGS CROSS,51.530882,-0.122926,86.5
AW_MAN_SHR,Transport for Wales,MANCHESTER PICCADILLY,53.476707,-2.228978,SHREWSBURY,52.711393,-2.748938,86.3
VT_BHM_EUS,Avanti West Coast,BIRMINGHAM NEW STREET,52.478184,-1.898364,LONDON EUSTON,51.528370,-0.134563,86.3
GW_TAU_XBV,Great Western Railway,TAUNTON,51.023666,-3.102109,MINEHEAD BUTLINS BUS,51.205656,-3.478636,86.1
XR_RDG_ABW,Elizabeth Line,READING,51.458684,-0.973708,ABBEY WOOD,51.490766,0.120314,86.1
LM_WTE_WOF,West Midlands Trains,WHITLOCKS END,52.391830,-1.851539,WORCESTER FOREGATE STREET,52.194829,-2.220863,86.0
GR_DON_NCL,LNER,DONCASTER,53.521477,-1.140236,NEWCASTLE,54.968221,-1.617282,86.0
LM_BHM_MKC,West Midlands Trains,BIRMINGHAM NEW STREET,52.478184,-1.898364,MILTON KEYNES CENTRAL,52.034039,-0.775450,86.0
SR_DEE_ABD,ScotRail,DUNDEE,56.452821,-2.988017,ABERDEEN,57.143057,-2.097477,86.0
GW_SWI_WOS,Great Western Railway,SWINDON (WILTS),51.565481,-1.786434,WORCESTER SHRUB HILL,52.194848,-2.210623,86.0
TL_FPK_SEV,Thameslink,FINSBURY PARK,51.564776,-0.105659,SEVENOAKS,51.277394,0.182167,86.0
TP_LIV_LDS,TransPennine Express,LIVERPOOL LIME STREET,53.407307,-2.977726,LEEDS,53.795162,-1.549093,86.0
NT_HBD_YRK,Northern,HEBDEN BRIDGE,53.737586,-2.009059,YORK,53.957964,-1.093182,86.0
TL_SUO_SAC,Thameslink,SUTTON (LONDON),51.360182,-0.190241,ST ALBANS CITY,51.748879,-0.326858,86.0
XR_HWV_SNF,Elizabeth Line,HEATHROW TERMINAL 5,51.471414,-0.488212,SHENFIELD,51.630663,0.330577,85.9
AW_DOG_AYW,Transport for Wales,DOLGELLAU ELDON SQUARE,52.741892,-3.887123,ABERYSTWYTH,52.414043,-4.081893,85.8
NT_LIV_BPN,Northern,LIVERPOOL LIME STREET,53.407307,-2.977726,BLACKPOOL NORTH,53.821074,-3.049618,85.7
LM_WVH_RGL,West Midlands Trains,WOLVERHAMPTON,52.587843,-2.119515,RUGELEY TRENT VALLEY,52.769474,-1.930296,85.7
SR_LRH_BHC,ScotRail,LARKHALL,55.738263,-3.976530,BALLOCH,56.002932,-4.583485,85.4
GW_XBV_TAU,Great Western Railway,MINEHEAD BUTLINS BUS,51.205656,-3.478636,TAUNTON,51.023666,-3.102109,85.2
XC_BHM_BRI,CrossCountry,BIRMINGHAM NEW STREET,52.478184,-1.898364,BRISTOL TEMPLE MEADS,51.449142,-2.581315,85.2
SE_NWX_CST,Southeastern,NEW CROSS,51.476352,-0.033002,LONDON CANNON STREET,51.510577,-0.090615,85.0
GW_SVB_WSM,Great Western Railway,SEVERN BEACH,51.559294,-2.664942,WESTON-SUPER-MARE,51.344046,-2.971944,85.0
NT_PRE_BIF,Northern,PRESTON,53.755266,-2.708238,BARROW-IN-FURNESS,54.118702,-3.226953,85.0
SR_EDB_DEE,ScotRail,EDINBURGH,55.952391,-3.188228,DUNDEE,56.452821,-2.988017,84.9
SW_HWE_GLD,South Western Railway,HEATHROW TERMINAL 3 BUS,51.469109,-0.449414,GUILDFORD,51.236968,-0.580425,84.8
SW_WAT_AHT,South Western Railway,LONDON WATERLOO,51.501916,-0.111149,ALDERSHOT,51.246209,-0.760668,84.8
NT_BIA_SLB,Northern,BISHOP AUCKLAND,54.657463,-1.677558,SALTBURN,54.583450,-0.974133,84.7
CH_OXF_MYB,Chiltern Railways,OXFORD,51.753133,-1.271275,LONDON MARYLEBONE,51.522533,-0.163631,84.6
LD_EDB_NCL,LD,EDINBURGH,55.952391,-3.188228,NEWCASTLE,54.968221,-1.617282,84.5
NT_LIV_MIA,Northern,LIVERPOOL LIME STREET,53.407307,-2.977726,MANCHESTER AIRPORT,53.361571,-2.268930,84.5
GW_PAD_BPW,Great Western Railway,LONDON PADDINGTON,51.516445,-0.176848,BRISTOL PARKWAY,51.514064,-2.543233,84.4
VT_EUS_BHM,Avanti West Coast,LONDON EUSTON,51.528370,-0.134563,BIRMINGHAM NEW STREET,52.478184,-1.898364,84.4
SW_RDG_WAT,South Western Railway,READING,51.458684,-0.973708,LONDON WATERLOO,51.501916,-0.111149,84.4
SR_ABD_DEE,ScotRail,ABERDEEN,57.143057,-2.097477,DUNDEE,56.452821,-2.988017,84.3
SR_BHC_MTH,ScotRail,BALLOCH,56.002932,-4.583485,MOTHERWELL,55.791883,-3.995197,84.3
NT_BPN_LIV,Northern,BLACKPOOL NORTH,53.821074,-3.049618,LIVERPOOL LIME STREET,53.407307,-2.977726,84.3
XR_SNF_HWV,Elizabeth Line,SHENFIELD,51.630663,0.330577,HEATHROW TERMINAL 5,51.471414,-0.488212,84.1
CH_MYB_OXF,Chiltern Railways,LONDON MARYLEBONE,51.522533,-0.163631,OXFORD,51.753133,-1.271275,84.0
GW_CLC_SWI,Great Western Railway,CASTLE CARY,51.099634,-2.522649,SWINDON (WILTS),51.565481,-1.786434,84.0
AW_SHR_LLO,Transport for Wales,SHREWSBURY,52.711393,-2.748938,LLANDRINDOD,52.242712,-3.379588,84.0
ME_ELP_CTR,Merseyrail,ELLESMERE PORT,53.282107,-2.895371,CHESTER,53.196824,-2.880120,84.0
SR_MLG_FTW,ScotRail,MALLAIG,57.007313,-5.827426,FORT WILLIAM,56.820556,-5.106661,84.0
SE_RAM_TON,Southeastern,RAMSGATE,51.340823,1.405779,TONBRIDGE,51.191192,0.269689,84.0
SR_AYR_STR,ScotRail,AYR,55.458210,-4.626829,STRANRAER,54.909601,-5.024737,83.7
SR_FTW_MLG,ScotRail,FORT WILLIAM,56.820556,-5.106661,MALLAIG,57.007313,-5.827426,83.5
XR_ABW_RDG,Elizabeth Line,ABBEY WOOD,51.490766,0.120314,READING,51.458684,-0.973708,83.3
CH_KGS_MYB,Chiltern Railways,KINGS SUTTON,52.020220,-1.280060,LONDON MARYLEBONE,51.522533,-0.163631,83.0
NT_ELP_LIV,Northern,ELLESMERE PORT,53.282107,-2.895371,LIVERPOOL LIME STREET,53.407307,-2.977726,83.0
NT_MBR_MCE,Northern,MIDDLESBROUGH,54.579073,-1.232614,METROCENTRE,54.958470,-1.662661,83.0
AW_SWA_LLV,Transport for Wales,SWANSEA,51.625144,-3.941546,LLANDOVERY,51.995127,-3.803113,83.0
TL_SEV_FPK,Thameslink,SEVENOAKS,51.277394,0.182167,FINSBURY PARK,51.564776,-0.105659,83.0
LE_HPQ_LST,Greater Anglia,HARWICH INTERNATIONAL,51.947747,1.255114,LIVERPOOL STREET EL,51.517601,-0.080232,83.0
SE_CST_AFK,Southeastern,LONDON CANNON STREET,51.510577,-0.090615,ASHFORD INTERNATIONAL,51.143732,0.873597,83.0
SE_AFK_CST,Southeastern,ASHFORD INTERNATIONAL,51.143732,0.873597,LONDON CANNON STREET,51.510577,-0.090615,82.8
GW_BPW_PAD,Great Western Railway,BRISTOL PARKWAY,51.514064,-2.543233,LONDON PADDINGTON,51.516445,-0.176848,82.7
SW_WYB_WAT,South Western Railway,WEYBRIDGE,51.361306,-0.457366,LONDON WATERLOO,51.501916,-0.111149,82.7
SR_EDB_GLC,ScotRail,EDINBURGH,55.952391,-3.188228,GLASGOW CENT LL,55.858317,-4.259062,82.6
SW_WAT_RDG,South Western Railway,LONDON WATERLOO,51.501916,-0.111149,READING,51.458684,-0.973708,82.6
SN_HGS_BTN,Southern,HASTINGS,50.858359,0.576057,BRIGHTON,50.829722,-0.141252,82.6
NT_SHF_HUL,Northern,SHEFFIELD,53.378646,-1.463308,HULL,53.743271,-0.347231,82.6
AW_BEO_NTH,Transport for Wales,BRECON BUS INTERCHANGE,51.945922,-3.386465,NEATH,51.662359,-3.807219,82.5
NT_BIF_PRE,Northern,BARROW-IN-FURNESS,54.118702,-3.226953,PRESTON,53.755266,-2.708238,82.5
LE_LST_HPQ,Greater Anglia,LIVERPOOL STREET EL,51.517601,-0.080232,HARWICH INTERNATIONAL,51.947747,1.255114,82.5
NT_RHD_LDS,Northern,RIBBLEHEAD,54.206205,-2.360246,LEEDS,53.795162,-1.549093,82.5
NT_HUL_SHF,Northern,HULL,53.743271,-0.347231,SHEFFIELD,53.378646,-1.463308,82.5
SR_HYN_EDB,ScotRail,HYNDLAND,55.879753,-4.314668,EDINBURGH,55.952391,-3.188228,82.5
SR_MTH_BHC,ScotRail,MOTHERWELL,55.791883,-3.995197,BALLOCH,56.002932,-4.583485,82.5
TL_PBO_KGX,Thameslink,PETERBOROUGH,52.574974,-0.249837,LONDON KINGS CROSS,51.530882,-0.122926,82.5
AW_NTH_BEO,Transport for Wales,NEATH,51.662359,-3.807219,BRECON BUS INTERCHANGE,51.945922,-3.386465,82.4
GW_SAL_BRI,Great Western Railway,SALISBURY,51.070968,-1.805843,BRISTOL TEMPLE MEADS,51.449142,-2.581315,82.4
SR_BHC_LRH,ScotRail,BALLOCH,56.002932,-4.583485,LARKHALL,55.738263,-3.976530,82.4
SN_BTN_PMS,Southern,BRIGHTON,50.829722,-0.141252,PORTSMOUTH & SOUTHSEA,50.797815,-1.090413,82.3
NT_MIA_LIV,Northern,MANCHESTER AIRPORT,53.361571,-2.268930,LIVERPOOL LIME STREET,53.407307,-2.977726,82.2
SR_STR_AYR,ScotRail,STRANRAER,54.909601,-5.024737,AYR,55.458210,-4.626829,82.1
NT_CTR_SPT,Northern,CHESTER,53.196824,-2.880120,STOCKPORT,53.404908,-2.162409,82.0
LM_RDC_LTV,West Midlands Trains,REDDITCH,52.306504,-1.945689,LICHFIELD TRENT VALLEY,52.687522,-1.800241,82.0
LM_LTV_RDC,West Midlands Trains,LICHFIELD TRENT VALLEY,52.687522,-1.800241,REDDITCH,52.306504,-1.945689,82.0
SW_BMH_WIN,South Western Railway,BOURNEMOUTH,50.727541,-1.863935,WINCHESTER,51.067358,-1.320625,82.0
XC_BRI_BHM,CrossCountry,BRISTOL TEMPLE MEADS,51.449142,-2.581315,BIRMINGHAM NEW STREET,52.478184,-1.898364,81.9
NT_HUL_SCA,Northern,HULL,53.743271,-0.347231,SCARBOROUGH,54.279790,-0.405703,81.9
GR_PBO_KLB,LNER,PETERBOROUGH,52.574974,-0.249837,KINGS LYNN COACH,52.754228,0.399003,81.8
NT_SCA_HUL,Northern,SCARBOROUGH,54.279790,-0.405703,HULL,53.743271,-0.347231,81.5
TL_GLM_LBG,Thameslink,GILLINGHAM (KENT),51.386884,0.549580,LONDON BRIDGE,51.505091,-0.085080,81.5
LE_CBG_LST,Greater Anglia,CAMBRIDGE,52.194558,0.137553,LIVERPOOL STREET EL,51.517601,-0.080232,81.4
NT_SLB_BIA,Northern,SALTBURN,54.583450,-0.974133,BISHOP AUCKLAND,54.657463,-1.677558,81.3
SN_AFK_EBN,Southern,ASHFORD INTERNATIONAL,51.143732,0.873597,EASTBOURNE,50.769149,0.281817,81.2
TL_KGX_PBO,Thameslink,LONDON KINGS CROSS,51.530882,-0.122926,PETERBOROUGH,52.574974,-0.249837,81.2
SN_PMS_BTN,Southern,PORTSMOUTH & SOUTHSEA,50.797815,-1.090413,BRIGHTON,50.829722,-0.141252,81.2
LE_LST_CBG,Greater Anglia,LIVERPOOL STREET EL,51.517601,-0.080232,CAMBRIDGE,52.194558,0.137553,81.1
SR_GLC_EDB,ScotRail,GLASGOW CENT LL,55.858317,-4.259062,EDINBURGH,55.952391,-3.188228,81.0
TP_MIA_LAN,TransPennine Express,MANCHESTER AIRPORT,53.361571,-2.268930,LANCASTER,54.048546,-2.807912,81.0
SE_CST_RTR,Southeastern,LONDON CANNON STREET,51.510577,-0.090615,ROCHESTER,51.389611,0.506608,81.0
GR_PIZ_YRK,LNER,PICKERING BUS,54.243665,-0.775410,YORK,53.957964,-1.093182,81.0
TP_RCC_YRK,TransPennine Express,REDCAR CENTRAL,54.615686,-1.070880,YORK,53.957964,-1.093182,80.9
SE_FAV_CST,Southeastern,FAVERSHAM,51.311491,0.891246,LONDON CANNON STREET,51.510577,-0.090615,80.8
LE_IPS_LST,Greater Anglia,IPSWICH,52.050591,1.144426,LIVERPOOL STREET EL,51.517601,-0.080232,80.8
NT_YRK_SHF,Northern,YORK,53.957964,-1.093182,SHEFFIELD,53.378646,-1.463308,80.8
LE_LST_IPS,Greater Anglia,LIVERPOOL STREET EL,51.517601,-0.080232,IPSWICH,52.050591,1.144426,80.5
SN_UCK_LBG,Southern,UCKFIELD,50.968717,0.095027,LONDON BRIDGE,51.505091,-0.085080,80.3
NT_MCV_LDS,Northern,MANCHESTER VICTORIA,53.487467,-2.242599,LEEDS,53.795162,-1.549093,80.2
NT_MAN_BPN,Northern,MANCHESTER PICCADILLY,53.476707,-2.228978,BLACKPOOL NORTH,53.821074,-3.049618,80.0
LE_IPS_CBG,Greater Anglia,IPSWICH,52.050591,1.144426,CAMBRIDGE,52.194558,0.137553,80.0
SR_ULP_IBS,ScotRail,ULLAPOOL,57.895128,-5.160070,INVERNESS BUS STATION,57.480056,-4.226508,80.0
SR_IBS_ULP,ScotRail,INVERNESS BUS STATION,57.480056,-4.226508,ULLAPOOL,57.895128,-5.160070,80.0
AW_AYW_DOG,Transport for Wales,ABERYSTWYTH,52.414043,-4.081893,DOLGELLAU ELDON SQUARE,52.741892,-3.887123,80.0
LM_RUG_EUS,West Midlands Trains,RUGBY,52.378752,-1.249271,LONDON EUSTON,51.528370,-0.134563,80.0
NT_SOP_MCV,Northern,SOUTHPORT,53.647098,-3.002933,MANCHESTER VICTORIA,53.487467,-2.242599,79.9
SN_EBN_AFK,Southern,EASTBOURNE,50.769149,0.281817,ASHFORD INTERNATIONAL,51.143732,0.873597,79.8
AW_SHR_MAN,Transport for Wales,SHREWSBURY,52.711393,-2.748938,MANCHESTER PICCADILLY,53.476707,-2.228978,79.8
NT_CKL_BIF,Northern,CORKICKLE,54.541490,-3.582775,BARROW-IN-FURNESS,54.118702,-3.226953,79.8
GW_BRI_SAL,Great Western Railway,BRISTOL TEMPLE MEADS,51.449142,-2.581315,SALISBURY,51.070968,-1.805843,79.6
SR_ADR_BHC,ScotRail,AIRDRIE,55.863977,-3.982912,BALLOCH,56.002932,-4.583485,79.6
TP_NCL_YRK,TransPennine Express,NEWCASTLE,54.968221,-1.617282,YORK,53.957964,-1.093182,79.5
NT_NCL_MBR,Northern,NEWCASTLE,54.968221,-1.617282,MIDDLESBROUGH,54.579073,-1.232614,79.4
TP_LDS_SCA,TransPennine Express,LEEDS,53.795162,-1.549093,SCARBOROUGH,54.279790,-0.405703,79.3
LM_RGL_BHI,West Midlands Trains,RUGELEY TRENT VALLEY,52.769474,-1.930296,BIRMINGHAM INTERNATIONAL,52.451837,-1.724791,79.2
NT_LCN_SHF,Northern,LINCOLN,53.227105,-0.540951,SHEFFIELD,53.378646,-1.463308,79.2
CH_BAN_MYB,Chiltern Railways,BANBURY,52.060959,-1.327540,LONDON MARYLEBONE,51.522533,-0.163631,79.1
NT_SPT_CTR,Northern,STOCKPORT,53.404908,-2.162409,CHESTER,53.196824,-2.880120,79.0
LE_CBG_NRW,Greater Anglia,CAMBRIDGE,52.194558,0.137553,NORWICH,52.627152,1.306820,79.0
GW_DID_EVE,Great Western Railway,DIDCOT PARKWAY,51.610892,-1.243227,EVESHAM,52.098827,-1.947401,79.0
NT_LDS_RHD,Northern,LEEDS,53.795162,-1.549093,RIBBLEHEAD,54.206205,-2.360246,79.0
SR_PTH_GLQ,ScotRail,PERTH,56.392691,-3.440044,GLASGOW QS LL,55.862055,-4.251288,78.8
AW_SHR_BHI,Transport for Wales,SHREWSBURY,52.711393,-2.748938,BIRMINGHAM INTERNATIONAL,52.451837,-1.724791,78.8
SN_VIC_HRH,Southern,LONDON VICTORIA,51.495256,-0.144559,HORSHAM,51.066236,-0.318764,78.6
SE_CST_NWX,Southeastern,LONDON CANNON STREET,51.510577,-0.090615,NEW CROSS,51.476352,-0.033002,78.6
NT_LDS_MCV,Northern,LEEDS,53.795162,-1.549093,MANCHESTER VICTORIA,53.487467,-2.242599,78.6
NT_CHD_LDS,Northern,CHESTERFIELD,53.238219,-1.420116,LEEDS,53.795162,-1.549093,78.5
SR_BHC_ADR,ScotRail,BALLOCH,56.002932,-4.583485,AIRDRIE,55.863977,-3.982912,78.4
NT_SHF_MAN,Northern,SHEFFIELD,53.378646,-1.463308,MANCHESTER PICCADILLY,53.476707,-2.228978,78.4
AW_CNM_CDF,Transport for Wales,CHELTENHAM SPA,51.896505,-2.100228,CARDIFF CENTRAL,51.475239,-3.177755,78.4
LE_NRW_CBG,Greater Anglia,NORWICH,52.627152,1.306820,CAMBRIDGE,52.194558,0.137553,78.4
SR_HLC_ADR,ScotRail,HELENSBURGH CENTRAL,56.004207,-4.732758,AIRDRIE,55.863977,-3.982912,78.4
SN_ORE_BTN,Southern,ORE,50.867028,0.590748,BRIGHTON,50.829722,-0.141252,78.3
AW_CTR_MIA,Transport for Wales,CHESTER,53.196824,-2.880120,MANCHESTER AIRPORT,53.361571,-2.268930,78.2
AW_MIA_CTR,Transport for Wales,MANCHESTER AIRPORT,53.361571,-2.268930,CHESTER,53.196824,-2.880120,78.2
NT_MBR_NCL,Northern,MIDDLESBROUGH,54.579073,-1.232614,NEWCASTLE,54.968221,-1.617282,78.2
AW_BYI_BGD,Transport for Wales,BARRY ISLAND,51.392412,-3.273363,BARGOED,51.692307,-3.229680,78.1
NT_MCV_SOP,Northern,MANCHESTER VICTORIA,53.487467,-2.242599,SOUTHPORT,53.647098,-3.002933,78.1
LM_BMV_LTV,West Midlands Trains,BROMSGROVE,52.319990,-2.051304,LICHFIELD TRENT VALLEY,52.687522,-1.800241,78.0
TP_YRK_MCV,TransPennine Express,YORK,53.957964,-1.093182,MANCHESTER VICTORIA,53.487467,-2.242599,78.0
NT_BPN_MAN,Northern,BLACKPOOL NORTH,53.821074,-3.049618,MANCHESTER PICCADILLY,53.476707,-2.228978,78.0
GN_MOG_LET,Great Northern,MOORGATE,51.519563,-0.090239,LETCHWORTH GARDEN CITY,51.980342,-0.229424,78.0
SR_OBN_CNR,ScotRail,OBAN,56.411698,-5.473779,CRIANLARICH,56.389591,-4.617725,77.9
LM_EUS_NMP,West Midlands Trains,LONDON EUSTON,51.528370,-0.134563,NORTHAMPTON,52.236734,-0.907536,77.8
TL_BTN_LBG,Thameslink,BRIGHTON,50.829722,-0.141252,LONDON BRIDGE,51.505091,-0.085080,77.7
NT_HUD_SHF,Northern,HUDDERSFIELD,53.648412,-1.785145,SHEFFIELD,53.378646,-1.463308,77.6
SE_CST_DEP,Southeastern,LONDON CANNON STREET,51.510577,-0.090615,DEPTFORD,51.478951,-0.027130,77.5
NT_BPN_MCO,Northern,BLACKPOOL NORTH,53.821074,-3.049618,MANCHESTER OXFORD ROAD,53.473984,-2.242522,77.5
SW_GLD_HWE,South Western Railway,GUILDFORD,51.236968,-0.580425,HEATHROW TERMINAL 3 BUS,51.469109,-0.449414,77.5
AW_LLJ_CRE,Transport for Wales,LLANDUDNO JUNCTION,53.283433,-3.808900,CREWE,53.089623,-2.432969,77.4
NT_MCO_BPN,Northern,MANCHESTER OXFORD ROAD,53.473984,-2.242522,BLACKPOOL NORTH,53.821074,-3.049618,77.3
LM_BHI_RGL,West Midlands Trains,BIRMINGHAM INTERNATIONAL,52.451837,-1.724791,RUGELEY TRENT VALLEY,52.769474,-1.930296,77.3
LM_NMP_EUS,West Midlands Trains,NORTHAMPTON,52.236734,-0.907536,LONDON EUSTON,51.528370,-0.134563,77.3
NT_MAN_SHF,Northern,MANCHESTER PICCADILLY,53.476707,-2.228978,SHEFFIELD,53.378646,-1.463308,77.2
NT_SHF_LCN,Northern,SHEFFIELD,53.378646,-1.463308,LINCOLN,53.227105,-0.540951,77.2
SR_ADR_HLC,ScotRail,AIRDRIE,55.863977,-3.982912,HELENSBURGH CENTRAL,56.004207,-4.732758,77.2
NT_SHF_YRK,Northern,SHEFFIELD,53.378646,-1.463308,YORK,53.957964,-1.093182,77.1
LM_LTV_BMV,West Midlands Trains,LICHFIELD TRENT VALLEY,52.687522,-1.800241,BROMSGROVE,52.319990,-2.051304,77.1
SR_MTH_EDB,ScotRail,MOTHERWELL,55.791883,-3.995197,EDINBURGH,55.952391,-3.188228,77.0
NT_SBY_HFX,Northern,SELBY,53.783366,-1.063560,HALIFAX,53.720421,-1.854486,77.0
TP_LIV_OXN,TransPennine Express,LIVERPOOL LIME STREET,53.407307,-2.977726,OXENHOLME LAKE DISTRICT,54.305237,-2.722260,77.0
SN_BTN_BOG,Southern,BRIGHTON,50.829722,-0.141252,BOGNOR REGIS,50.786659,-0.676388,77.0
SN_PMS_HHE,Southern,PORTSMOUTH & SOUTHSEA,50.797815,-1.090413,HAYWARDS HEATH,51.005421,-0.105730,77.0
AW_BGD_BYI,Transport for Wales,BARGOED,51.692307,-3.229680,BARRY ISLAND,51.392412,-3.273363,77.0
AW_PMD_CMN,Transport for Wales,PEMBROKE DOCK,51.694382,-4.937210,CARMARTHEN,51.853267,-4.305666,76.8
NT_SHF_HUD,Northern,SHEFFIELD,53.378646,-1.463308,HUDDERSFIELD,53.648412,-1.785145,76.8
AW_CMN_PMD,Transport for Wales,CARMARTHEN,51.853267,-4.305666,PEMBROKE DOCK,51.694382,-4.937210,76.7
SW_WAT_WYB,South Western Railway,LONDON WATERLOO,51.501916,-0.111149,WEYBRIDGE,51.361306,-0.457366,76.4
AW_BFF_LLD,Transport for Wales,BLAENAU FFESTINIOG,52.996304,-3.944396,LLANDUDNO,53.320915,-3.827001,76.4
GR_YRK_PIZ,LNER,YORK,53.957964,-1.093182,PICKERING BUS,54.243665,-0.775410,76.3
NT_CLH_MCV,Northern,CLITHEROE,53.875358,-2.392377,MANCHESTER VICTORIA,53.487467,-2.242599,76.3
CH_MYB_BAN,Chiltern Railways,LONDON MARYLEBONE,51.522533,-0.163631,BANBURY,52.060959,-1.327540,76.2
NT_MCO_SOP,Northern,MANCHESTER OXFORD ROAD,53.473984,-2.242522,SOUTHPORT,53.647098,-3.002933,76.1
SN_BTN_HGS,Southern,BRIGHTON,50.829722,-0.141252,HASTINGS,50.858359,0.576057,76.1
TL_EGR_WHP,Thameslink,EAST GRINSTEAD,51.126272,-0.017900,WEST HAMPSTEAD THAMESLINK,51.548167,-0.192888,76.0
NT_MCV_CLH,Northern,MANCHESTER VICTORIA,53.487467,-2.242599,CLITHEROE,53.875358,-2.392377,76.0
GW_CNM_BRI,Great Western Railway,CHELTENHAM SPA,51.896505,-2.100228,BRISTOL TEMPLE MEADS,51.449142,-2.581315,76.0
XR_GDP_HAF,Elizabeth Line,GIDEA PARK,51.581823,0.205383,HEATHROW TERMINAL 4,51.458266,-0.445463,76.0
AW_LLD_BFF,Transport for Wales,LLANDUDNO,53.320915,-3.827001,BLAENAU FFESTINIOG,52.996304,-3.944396,76.0
SN_BTN_ORE,Southern,BRIGHTON,50.829722,-0.141252,ORE,50.867028,0.590748,75.9
AW_CDF_CNM,Transport for Wales,CARDIFF CENTRAL,51.475239,-3.177755,CHELTENHAM SPA,51.896505,-2.100228,75.8
XC_NOT_BHM,CrossCountry,NOTTINGHAM,52.948012,-1.145694,BIRMINGHAM NEW STREET,52.478184,-1.898364,75.7
SW_WAT_AON,South Western Railway,LONDON WATERLOO,51.501916,-0.111149,ALTON,51.152001,-0.967656,75.4
NT_CHT_NCL,Northern,CHATHILL,55.536373,-1.706853,NEWCASTLE,54.968221,-1.617282,75.3
SN_PMH_HRH,Southern,PORTSMOUTH HARBOUR,50.796159,-1.108891,HORSHAM,51.066236,-0.318764,75.3
GN_KGX_ELY,Great Northern,LONDON KINGS CROSS,51.530882,-0.122926,ELY,52.390883,0.266075,75.2
SW_WAT_BSK,South Western Railway,LONDON WATERLOO,51.501916,-0.111149,BASINGSTOKE,51.268092,-1.086896,75.2
SN_BTN_CCH,Southern,BRIGHTON,50.829722,-0.141252,CHICHESTER,50.831885,-0.783031,75.1
SN_LBG_UCK,Southern,LONDON BRIDGE,51.505091,-0.085080,UCKFIELD,50.968717,0.095027,75.1
AW_RHY_PEN,Transport for Wales,RHYMNEY,51.759104,-3.289451,PENARTH,51.435713,-3.173861,75.1
GW_BPW_WSB,Great Western Railway,BRISTOL PARKWAY,51.514064,-2.543233,WESTBURY,51.266984,-2.199182,75.0
SR_CRP_AYR,ScotRail,CAIRNRYAN,54.962856,-5.016241,AYR,55.458210,-4.626829,75.0
LM_CRE_RUG,West Midlands Trains,CREWE,53.089623,-2.432969,RUGBY,52.378752,-1.249271,75.0
SR_AYR_CRP,ScotRail,AYR,55.458210,-4.626829,CAIRNRYAN,54.962856,-5.016241,75.0
XC_BHM_NOT,CrossCountry,BIRMINGHAM NEW STREET,52.478184,-1.898364,NOTTINGHAM,52.948012,-1.145694,75.0
GW_EXC_BNP,Great Western Railway,EXETER CENTRAL,50.726532,-3.532924,BARNSTAPLE,51.073584,-4.063971,74.8
SE_GLM_VIC,Southeastern,GILLINGHAM (KENT),51.386884,0.549580,LONDON VICTORIA,51.495256,-0.144559,74.7
SE_LEE_CST,Southeastern,LEE (LONDON),51.449486,0.013337,LONDON CANNON STREET,51.510577,-0.090615,74.5
LM_BMV_LIC,West Midlands Trains,BROMSGROVE,52.319990,-2.051304,LICHFIELD CITY,52.680370,-1.825419,74.5
GW_WSM_SVB,Great Western Railway,WESTON-SUPER-MARE,51.344046,-2.971944,SEVERN BEACH,51.559294,-2.664942,74.3
SN_BOG_BTN,Southern,BOGNOR REGIS,50.786659,-0.676388,BRIGHTON,50.829722,-0.141252,74.2
ME_HOO_CTR,Merseyrail,HOOTON,53.296750,-2.976699,CHESTER,53.196824,-2.880120,74.2
LE_CBG_IPS,Greater Anglia,CAMBRIDGE,52.194558,0.137553,IPSWICH,52.050591,1.144426,74.0
GW_BNP_EXC,Great Western Railway,BARNSTAPLE,51.073584,-4.063971,EXETER CENTRAL,50.726532,-3.532924,74.0
XC_DEE_ABD,CrossCountry,DUNDEE,56.452821,-2.988017,ABERDEEN,57.143057,-2.097477,74.0
TL_BDM_STP,Thameslink,BEDFORD,52.136683,-0.478943,LONDON ST PANCRAS,51.532725,-0.125734,74.0
GW_PAD_BDW,Great Western Railway,LONDON PADDINGTON,51.516445,-0.176848,BEDWYN,51.379765,-1.599072,74.0
NT_BIF_CKL,Northern,BARROW-IN-FURNESS,54.118702,-3.226953,CORKICKLE,54.541490,-3.582775,74.0
GW_BAN_PAD,Great Western Railway,BANBURY,52.060959,-1.327540,LONDON PADDINGTON,51.516445,-0.176848,74.0
GW_BRI_CLC,Great Western Railway,BRISTOL TEMPLE MEADS,51.449142,-2.581315,CASTLE CARY,51.099634,-2.522649,74.0
SE_CBW_MAR,Southeastern,CANTERBURY WEST,51.284332,1.074562,MARGATE,51.384987,1.371683,74.0
SN_LIT_SOU,Southern,LITTLEHAMPTON,50.810294,-0.546557,SOUTHAMPTON CENTRAL,50.907799,-1.413975,74.0
SN_PMS_HRH,Southern,PORTSMOUTH & SOUTHSEA,50.797815,-1.090413,HORSHAM,51.066236,-0.318764,73.9
GW_AVN_WSM,Great Western Railway,AVONMOUTH,51.499745,-2.700091,WESTON-SUPER-MARE,51.344046,-2.971944,73.8
GW_BNP_CMA,Great Western Railway,BARNSTAPLE,51.073584,-4.063971,COMBE MARTIN (BUS),51.206208,-4.039832,73.7
SW_POO_ESL,South Western Railway,POOLE,50.718626,-1.982949,EASTLEIGH,50.968613,-1.350549,73.7
EM_DBY_CRE,East Midlands Railway,DERBY,52.916608,-1.463086,CREWE,53.089623,-2.432969,73.6
SR_LEV_EDB,ScotRail,LEVEN,56.192149,-3.002254,EDINBURGH,55.952391,-3.188228,73.6
SN_CCH_BTN,Southern,CHICHESTER,50.831885,-0.783031,BRIGHTON,50.829722,-0.141252,73.4
NT_SOP_MCO,Northern,SOUTHPORT,53.647098,-3.002933,MANCHESTER OXFORD ROAD,53.473984,-2.242522,73.4
TL_STP_BDM,Thameslink,LONDON ST PANCRAS,51.532725,-0.125734,BEDFORD,52.136683,-0.478943,73.3
SW_AON_WAT,South Western Railway,ALTON,51.152001,-0.967656,LONDON WATERLOO,51.501916,-0.111149,73.3
GW_LLP_BNP,Great Western Railway,LYNMOUTH (BUS),51.229481,-3.828876,BARNSTAPLE,51.073584,-4.063971,73.2
AW_BHI_SHR,Transport for Wales,BIRMINGHAM INTERNATIONAL,52.451837,-1.724791,SHREWSBURY,52.711393,-2.748938,73.2
SW_YVP_SAL,South Western Railway,YEOVIL PEN MILL,50.944525,-2.613428,SALISBURY,51.070968,-1.805843,73.2
EM_WRK_NOT,East Midlands Railway,WORKSOP,53.311016,-1.123457,NOTTINGHAM,52.948012,-1.145694,73.2
CH_AYS_MYB,Chiltern Railways,AYLESBURY,51.813271,-0.816258,LONDON MARYLEBONE,51.522533,-0.163631,73.2
EM_COR_STP,East Midlands Railway,CORBY,52.488051,-0.689243,LONDON ST PANCRAS,51.532725,-0.125734,73.0
NT_GOO_SHF,Northern,GOOLE,53.704424,-0.872924,SHEFFIELD,53.378646,-1.463308,73.0
SE_MDE_BFR,Southeastern,MAIDSTONE EAST,51.277790,0.520590,LONDON BLACKFRIARS,51.510787,-0.103576,73.0
NT_HUL_LDS,Northern,HULL,53.743271,-0.347231,LEEDS,53.795162,-1.549093,73.0
NT_LAN_SKI,Northern,LANCASTER,54.048546,-2.807912,SKIPTON,53.958685,-2.025872,73.0
CH_BCS_BMO,Chiltern Railways,BICESTER NORTH,51.903368,-1.149659,BIRMINGHAM MOOR STREET,52.479078,-1.892473,73.0
AW_CDF_HFD,Transport for Wales,CARDIFF CENTRAL,51.475239,-3.177755,HEREFORD,52.060743,-2.708831,72.8
NT_CNE_PRE,Northern,COLNE,53.855189,-2.182393,PRESTON,53.755266,-2.708238,72.8
TP_YRK_RCC,TransPennine Express,YORK,53.957964,-1.093182,REDCAR CENTRAL,54.615686,-1.070880,72.7
CC_TPB_FST,c2c,THORPE BAY,51.537643,0.762785,LONDON FENCHURCH STREET,51.511287,-0.079056,72.7
SE_GLM_DVP,Southeastern,GILLINGHAM (KENT),51.386884,0.549580,DOVER PRIORY,51.126054,1.304175,72.6
NT_PRE_MIA,Northern,PRESTON,53.755266,-2.708238,MANCHESTER AIRPORT,53.361571,-2.268930,72.5
SW_WIN_BMH,South Western Railway,WINCHESTER,51.067358,-1.320625,BOURNEMOUTH,50.727541,-1.863935,72.5
TP_LAN_MIA,TransPennine Express,LANCASTER,54.048546,-2.807912,MANCHESTER AIRPORT,53.361571,-2.268930,72.5
SW_BSK_WAT,South Western Railway,BASINGSTOKE,51.268092,-1.086896,LONDON WATERLOO,51.501916,-0.111149,72.4
SN_ECR_WFJ,Southern,EAST CROYDON,51.375731,-0.093357,WATFORD JUNCTION,51.663527,-0.396517,72.4
CC_SOC_FST,c2c,SOUTHEND CENTRAL,51.537023,0.712272,LONDON FENCHURCH STREET,51.511287,-0.079056,72.3
EM_LEI_SHF,East Midlands Railway,LEICESTER,52.631423,-1.125275,SHEFFIELD,53.378646,-1.463308,72.2
NT_RCD_BBN,Northern,ROCHDALE,53.609857,-2.152616,BLACKBURN,53.746514,-2.479122,72.2
GN_ELY_KGX,Great Northern,ELY,52.390883,0.266075,LONDON KINGS CROSS,51.530882,-0.122926,72.0
NT_MCO_LIV,Northern,MANCHESTER OXFORD ROAD,53.473984,-2.242522,LIVERPOOL LIME STREET,53.407307,-2.977726,72.0
GW_PAD_BAN,Great Western Railway,LONDON PADDINGTON,51.516445,-0.176848,BANBURY,52.060959,-1.327540,72.0
GW_BRI_CNM,Great Western Railway,BRISTOL TEMPLE MEADS,51.449142,-2.581315,CHELTENHAM SPA,51.896505,-2.100228,72.0
SR_MTS_INR,ScotRail,MONTROSE,56.712797,-2.472074,INVERURIE,57.286267,-2.373228,72.0
SE_SOO_CHX,Southeastern,STROOD (KENT),51.396052,0.499772,LONDON CHARING CROSS,51.508415,-0.123850,72.0
LE_LST_CET,Greater Anglia,LIVERPOOL STREET EL,51.517601,-0.080232,COLCHESTER TOWN,51.885871,0.904725,72.0
LM_SHR_BHM,West Midlands Trains,SHREWSBURY,52.711393,-2.748938,BIRMINGHAM NEW STREET,52.478184,-1.898364,71.9
SR_TAI_INV,ScotRail,TAIN,57.814557,-4.051804,INVERNESS,57.480114,-4.223176,71.8
EM_NOT_MAT,East Midlands Railway,NOTTINGHAM,52.948012,-1.145694,MATLOCK,53.138137,-1.558988,71.8
TL_HRH_LBG,Thameslink,HORSHAM,51.066236,-0.318764,LONDON BRIDGE,51.505091,-0.085080,71.7
LM_BHM_SHR,West Midlands Trains,BIRMINGHAM NEW STREET,52.478184,-1.898364,SHREWSBURY,52.711393,-2.748938,71.7
GN_PBO_KGX,Great Northern,PETERBOROUGH,52.574974,-0.249837,LONDON KINGS CROSS,51.530882,-0.122926,71.6
CC_SRY_FST,c2c,SHOEBURYNESS,51.531469,0.795577,LONDON FENCHURCH STREET,51.511287,-0.079056,71.6
CC_FST_SOC,c2c,LONDON FENCHURCH STREET,51.511287,-0.079056,SOUTHEND CENTRAL,51.537023,0.712272,71.5
SR_MLN_BHG,ScotRail,MILNGAVIE,55.940859,-4.315111,BATHGATE,55.896937,-3.635927,71.5
LE_LST_COL,Greater Anglia,LIVERPOOL STREET EL,51.517601,-0.080232,COLCHESTER,51.900524,0.894040,71.4
NT_GOO_LDS,Northern,GOOLE,53.704424,-0.872924,LEEDS,53.795162,-1.549093,71.3
EM_PBO_LCN,East Midlands Railway,PETERBOROUGH,52.574974,-0.249837,LINCOLN,53.227105,-0.540951,71.3
NT_CAR_WTH,Northern,CARLISLE,54.890646,-2.933815,WHITEHAVEN,54.548616,-3.587689,71.3
SR_INV_TAI,ScotRail,INVERNESS,57.480114,-4.223176,TAIN,57.814557,-4.051804,71.2
NT_LIV_MCO,Northern,LIVERPOOL LIME STREET,53.407307,-2.977726,MANCHESTER OXFORD ROAD,53.473984,-2.242522,71.2
SE_FAV_STP,Southeastern,FAVERSHAM,51.311491,0.891246,LONDON ST PANCRAS,51.532725,-0.125734,71.2
NT_BBN_RCD,Northern,BLACKBURN,53.746514,-2.479122,ROCHDALE,53.609857,-2.152616,71.2
SE_BFR_MDE,Southeastern,LONDON BLACKFRIARS,51.510787,-0.103576,MAIDSTONE EAST,51.277790,0.520590,71.0
VT_BPN_CRE,Avanti West Coast,BLACKPOOL NORTH,53.821074,-3.049618,CREWE,53.089623,-2.432969,71.0
TP_CLE_DON,TransPennine Express,CLEETHORPES,53.563170,-0.029615,DONCASTER,53.521477,-1.140236,71.0
GW_OXF_BRI,Great Western Railway,OXFORD,51.753133,-1.271275,BRISTOL TEMPLE MEADS,51.449142,-2.581315,71.0
GW_SWI_SAL,Great Western Railway,SWINDON (WILTS),51.565481,-1.786434,SALISBURY,51.070968,-1.805843,71.0
SW_CLJ_WOK,South Western Railway,CLAPHAM JUNCTION,51.464186,-0.170293,WOKING,51.318523,-0.557819,71.0
SR_INR_MTS,ScotRail,INVERURIE,57.286267,-2.373228,MONTROSE,56.712797,-2.472074,70.9
LE_CET_LST,Greater Anglia,COLCHESTER TOWN,51.885871,0.904725,LIVERPOOL STREET EL,51.517601,-0.080232,70.8
SR_BHG_MLN,ScotRail,BATHGATE,55.896937,-3.635927,MILNGAVIE,55.940859,-4.315111,70.8
SW_WAT_QRB,South Western Railway,LONDON WATERLOO,51.501916,-0.111149,QUEENSTOWN ROAD (BATTERSEA),51.474609,-0.146837,70.8
EM_LCN_PBO,East Midlands Railway,LINCOLN,53.227105,-0.540951,PETERBOROUGH,52.574974,-0.249837,70.8
CC_FST_SRY,c2c,LONDON FENCHURCH STREET,51.511287,-0.079056,SHOEBURYNESS,51.531469,0.795577,70.7
AW_SWA_CDF,Transport for Wales,SWANSEA,51.625144,-3.941546,CARDIFF CENTRAL,51.475239,-3.177755,70.7
XR_MAI_ABW,Elizabeth Line,MAIDENHEAD,51.518267,-0.723032,ABBEY WOOD,51.490766,0.120314,70.6
SR_EDB_LEV,ScotRail,EDINBURGH,55.952391,-3.188228,LEVEN,56.192149,-3.002254,70.6
NT_WTH_CAR,Northern,WHITEHAVEN,54.548616,-3.587689,CARLISLE,54.890646,-2.933815,70.5
GW_DID_PAD,Great Western Railway,DIDCOT PARKWAY,51.610892,-1.243227,LONDON PADDINGTON,51.516445,-0.176848,70.5
AW_GCR_CDF,Transport for Wales,GLOUCESTER,51.867536,-2.238135,CARDIFF CENTRAL,51.475239,-3.177755,70.5
LE_LST_SMN,Greater Anglia,LIVERPOOL STREET EL,51.517601,-0.080232,SOUTHMINSTER,51.660924,0.835356,70.5
SN_VIC_BTN,Southern,LONDON VICTORIA,51.495256,-0.144559,BRIGHTON,50.829722,-0.141252,70.5
LM_EUS_MKC,West Midlands Trains,LONDON EUSTON,51.528370,-0.134563,MILTON KEYNES CENTRAL,52.034039,-0.775450,70.5
EM_CRE_DBY,East Midlands Railway,CREWE,53.089623,-2.432969,DERBY,52.916608,-1.463086,70.4
TL_LBG_BTN,Thameslink,LONDON BRIDGE,51.505091,-0.085080,BRIGHTON,50.829722,-0.141252,70.4
GW_BNP_LLP,Great Western Railway,BARNSTAPLE,51.073584,-4.063971,LYNMOUTH (BUS),51.229481,-3.828876,70.2
AW_CDF_SWA,Transport for Wales,CARDIFF CENTRAL,51.475239,-3.177755,SWANSEA,51.625144,-3.941546,70.2
GW_BOD_PDT,Great Western Railway,BODMIN PARKWAY,50.445330,-4.663321,PADSTOW BUS,50.538593,-4.936749,70.2
NT_HUL_YRK,Northern,HULL,53.743271,-0.347231,YORK,53.957964,-1.093182,70.2
CH_MYB_AYS,Chiltern Railways,LONDON MARYLEBONE,51.522533,-0.163631,AYLESBURY,51.813271,-0.816258,70.1
GN_KGX_PBO,Great Northern,LONDON KINGS CROSS,51.530882,-0.122926,PETERBOROUGH,52.574974,-0.249837,70.1
GW_PAD_DID,Great Western Railway,LONDON PADDINGTON,51.516445,-0.176848,DIDCOT PARKWAY,51.610892,-1.243227,70.1
EM_STP_COR,East Midlands Railway,LONDON ST PANCRAS,51.532725,-0.125734,CORBY,52.488051,-0.689243,70.0
SE_GLM_RAM,Southeastern,GILLINGHAM (KENT),51.386884,0.549580,RAMSGATE,51.340823,1.405779,70.0
SE_GLM_TON,Southeastern,GILLINGHAM (KENT),51.386884,0.549580,TONBRIDGE,51.191192,0.269689,70.0
SN_SOU_LIT,Southern,SOUTHAMPTON CENTRAL,50.907799,-1.413975,LITTLEHAMPTON,50.810294,-0.546557,70.0
GW_BRI_OXF,Great Western Railway,BRISTOL TEMPLE MEADS,51.449142,-2.581315,OXFORD,51.753133,-1.271275,70.0
SR_GLQ_PTH,ScotRail,GLASGOW QS LL,55.862055,-4.251288,PERTH,56.392691,-3.440044,70.0
LM_RDC_FOK,West Midlands Trains,REDDITCH,52.306504,-1.945689,FOUR OAKS,52.579687,-1.827294,69.9
NT_YRK_HUL,Northern,YORK,53.957964,-1.093182,HULL,53.743271,-0.347231,69.8
GW_PLY_EXD,Great Western Railway,PLYMOUTH,50.377826,-4.143320,EXETER ST DAVIDS,50.729079,-3.544342,69.8
SN_BTN_VIC,Southern,BRIGHTON,50.829722,-0.141252,LONDON VICTORIA,51.495256,-0.144559,69.8
LE_SMN_LST,Greater Anglia,SOUTHMINSTER,51.660924,0.835356,LIVERPOOL STREET EL,51.517601,-0.080232,69.8
NT_MCV_HBL,Northern,MANCHESTER VICTORIA,53.487467,-2.242599,HEADBOLT LANE,53.490763,-2.880167,69.8
SW_ROM_SAL,South Western Railway,ROMSEY,50.992696,-1.492700,SALISBURY,51.070968,-1.805843,69.7
SR_LRH_DMR,ScotRail,LARKHALL,55.738263,-3.976530,DALMUIR,55.911742,-4.426989,69.6
EM_MAT_NOT,East Midlands Railway,MATLOCK,53.138137,-1.558988,NOTTINGHAM,52.948012,-1.145694,69.5
NT_PRE_CNE,Northern,PRESTON,53.755266,-2.708238,COLNE,53.855189,-2.182393,69.5
XR_ABW_MAI,Elizabeth Line,ABBEY WOOD,51.490766,0.120314,MAIDENHEAD,51.518267,-0.723032,69.4
GN_KGX_RYS,Great Northern,LONDON KINGS CROSS,51.530882,-0.122926,ROYSTON,52.053551,-0.026711,69.3
NT_SHF_LDS,Northern,SHEFFIELD,53.378646,-1.463308,LEEDS,53.795162,-1.549093,69.3
SW_GLD_PMH,South Western Railway,GUILDFORD,51.236968,-0.580425,PORTSMOUTH HARBOUR,50.796159,-1.108891,69.2
TL_WHP_ORP,Thameslink,WEST HAMPSTEAD THAMESLINK,51.548167,-0.192888,ORPINGTON,51.373520,0.089029,69.0
SE_GRV_CST,Southeastern,GRAVESEND,51.441079,0.366960,LONDON CANNON STREET,51.510577,-0.090615,69.0
NT_LDS_HUL,Northern,LEEDS,53.795162,-1.549093,HULL,53.743271,-0.347231,69.0
SE_TON_GLM,Southeastern,TONBRIDGE,51.191192,0.269689,GILLINGHAM (KENT),51.386884,0.549580,69.0
EM_KET_NOT,East Midlands Railway,KETTERING,52.393214,-0.731734,NOTTINGHAM,52.948012,-1.145694,69.0
SN_WFJ_ECR,Southern,WATFORD JUNCTION,51.663527,-0.396517,EAST CROYDON,51.375731,-0.093357,68.8
CC_BKG_SRY,c2c,BARKING,51.540035,0.080783,SHOEBURYNESS,51.531469,0.795577,68.8
SE_STP_FAV,Southeastern,LONDON ST PANCRAS,51.532725,-0.125734,FAVERSHAM,51.311491,0.891246,68.6
NT_LDS_GOO,Northern,LEEDS,53.795162,-1.549093,GOOLE,53.704424,-0.872924,68.5
GW_CMA_BNP,Great Western Railway,COMBE MARTIN (BUS),51.206208,-4.039832,BARNSTAPLE,51.073584,-4.063971,68.5
LM_WVH_WSL,West Midlands Trains,WOLVERHAMPTON,52.587843,-2.119515,WALSALL,52.584307,-1.985198,68.4
CH_AVP_MYB,Chiltern Railways,AYLESBURY VALE PARKWAY,51.830795,-0.860787,LONDON MARYLEBONE,51.522533,-0.163631,68.4
EM_NOT_WRK,East Midlands Railway,NOTTINGHAM,52.948012,-1.145694,WORKSOP,53.311016,-1.123457,68.4
SR_DMR_LRH,ScotRail,DALMUIR,55.911742,-4.426989,LARKHALL,55.738263,-3.976530,68.4
GW_BDW_PAD,Great Western Railway,BEDWYN,51.379765,-1.599072,LONDON PADDINGTON,51.516445,-0.176848,68.3
SE_GLM_CST,Southeastern,GILLINGHAM (KENT),51.386884,0.549580,LONDON CANNON STREET,51.510577,-0.090615,68.3
SW_WAT_CLJ,South Western Railway,LONDON WATERLOO,51.501916,-0.111149,CLAPHAM JUNCTION,51.464186,-0.170293,68.3
TL_BFR_SEV,Thameslink,LONDON BLACKFRIARS,51.510787,-0.103576,SEVENOAKS,51.277394,0.182167,68.2
LM_WTE_KID,West Midlands Trains,WHITLOCKS END,52.391830,-1.851539,KIDDERMINSTER,52.384488,-2.239440,68.0
SE_TON_DVP,Southeastern,TONBRIDGE,51.191192,0.269689,DOVER PRIORY,51.126054,1.304175,68.0
NT_SKI_LAN,Northern,SKIPTON,53.958685,-2.025872,LANCASTER,54.048546,-2.807912,68.0
TL_SNO_HIT,Thameslink,ST NEOTS,52.231474,-0.247271,HITCHIN,51.952961,-0.262518,68.0
TL_SEV_VIC,Thameslink,SEVENOAKS,51.277394,0.182167,LONDON VICTORIA,51.495256,-0.144559,68.0
GW_BRI_TAU,Great Western Railway,BRISTOL TEMPLE MEADS,51.449142,-2.581315,TAUNTON,51.023666,-3.102109,68.0
NT_WGW_RCD,Northern,WIGAN WALLGATE,53.545356,-2.633797,ROCHDALE,53.609857,-2.152616,68.0
TL_HIT_SNO,Thameslink,HITCHIN,51.952961,-0.262518,ST NEOTS,52.231474,-0.247271,68.0
VT_CRE_BPN,Avanti West Coast,CREWE,53.089623,-2.432969,BLACKPOOL NORTH,53.821074,-3.049618,68.0
TL_KGX_CBG,Thameslink,LONDON KINGS CROSS,51.530882,-0.122926,CAMBRIDGE,52.194558,0.137553,68.0
NT_LDS_BDI,Northern,LEEDS,53.795162,-1.549093,BRADFORD INTERCHANGE,53.790354,-1.749509,67.9
GW_EXD_PLY,Great Western Railway,EXETER ST DAVIDS,50.729079,-3.544342,PLYMOUTH,50.377826,-4.143320,67.9
GW_PDT_BOD,Great Western Railway,PADSTOW BUS,50.538593,-4.936749,BODMIN PARKWAY,50.445330,-4.663321,67.8
SE_DVP_STP,Southeastern,DOVER PRIORY,51.126054,1.304175,LONDON ST PANCRAS,51.532725,-0.125734,67.8
CC_SRY_LST,c2c,SHOEBURYNESS,51.531469,0.795577,LIVERPOOL STREET EL,51.517601,-0.080232,67.6
SR_MTH_MLN,ScotRail,MOTHERWELL,55.791883,-3.995197,MILNGAVIE,55.940859,-4.315111,67.5
TL_CBG_KGX,Thameslink,CAMBRIDGE,52.194558,0.137553,LONDON KINGS CROSS,51.530882,-0.122926,67.5
LM_KID_WTE,West Midlands Trains,KIDDERMINSTER,52.384488,-2.239440,WHITLOCKS END,52.391830,-1.851539,67.4
SE_STP_DVP,Southeastern,LONDON ST PANCRAS,51.532725,-0.125734,DOVER PRIORY,51.126054,1.304175,67.3
GN_RYS_KGX,Great Northern,ROYSTON,52.053551,-0.026711,LONDON KINGS CROSS,51.530882,-0.122926,67.2
GW_BNP_EXD,Great Western Railway,BARNSTAPLE,51.073584,-4.063971,EXETER ST DAVIDS,50.729079,-3.544342,67.2
SE_AFK_RAM,Southeastern,ASHFORD INTERNATIONAL,51.143732,0.873597,RAMSGATE,51.340823,1.405779,67.2
SR_SPR_BHC,ScotRail,SPRINGBURN,55.881316,-4.230019,BALLOCH,56.002932,-4.583485,67.1
SN_BTN_HAV,Southern,BRIGHTON,50.829722,-0.141252,HAVANT,50.854480,-0.982761,67.0
SE_FAV_MAR,Southeastern,FAVERSHAM,51.311491,0.891246,MARGATE,51.384987,1.371683,67.0
LM_LTV_LOB,West Midlands Trains,LICHFIELD TRENT VALLEY,52.687522,-1.800241,LONGBRIDGE,52.396416,-1.980851,67.0
NT_HFX_YRK,Northern,HALIFAX,53.720421,-1.854486,YORK,53.957964,-1.093182,67.0
CH_BSW_BAN,Chiltern Railways,BIRMINGHAM SNOW HILL,52.483579,-1.899824,BANBURY,52.060959,-1.327540,67.0
EM_NOT_PBO,East Midlands Railway,NOTTINGHAM,52.948012,-1.145694,PETERBOROUGH,52.574974,-0.249837,67.0
SE_GLM_PDW,Southeastern,GILLINGHAM (KENT),51.386884,0.549580,PADDOCK WOOD,51.182511,0.389462,67.0
SN_SRS_WFJ,Southern,SELHURST,51.392759,-0.089775,WATFORD JUNCTION,51.663527,-0.396517,67.0
SW_SOU_PMH,South Western Railway,SOUTHAMPTON CENTRAL,50.907799,-1.413975,PORTSMOUTH HARBOUR,50.796159,-1.108891,67.0
AW_EBB_CDF,Transport for Wales,EBBW VALE TOWN,51.782453,-3.207485,CARDIFF CENTRAL,51.475239,-3.177755,67.0
LM_FOK_RDC,West Midlands Trains,FOUR OAKS,52.579687,-1.827294,REDDITCH,52.306504,-1.945689,66.9
TL_LBG_HRH,Thameslink,LONDON BRIDGE,51.505091,-0.085080,HORSHAM,51.066236,-0.318764,66.8
LM_MKC_EUS,West Midlands Trains,MILTON KEYNES CENTRAL,52.034039,-0.775450,LONDON EUSTON,51.528370,-0.134563,66.7
AW_BYI_YSM,Transport for Wales,BARRY ISLAND,51.392412,-3.273363,YSTRAD MYNACH,51.640933,-3.241295,66.7
AW_CDF_TRB,Transport for Wales,CARDIFF CENTRAL,51.475239,-3.177755,TREHERBERT,51.671620,-3.535703,66.7
TL_SEV_BFR,Thameslink,SEVENOAKS,51.277394,0.182167,LONDON BLACKFRIARS,51.510787,-0.103576,66.7
CC_LST_SRY,c2c,LIVERPOOL STREET EL,51.517601,-0.080232,SHOEBURYNESS,51.531469,0.795577,66.6
SE_VIC_GLM,Southeastern,LONDON VICTORIA,51.495256,-0.144559,GILLINGHAM (KENT),51.386884,0.549580,66.5
LM_LOB_LTV,West Midlands Trains,LONGBRIDGE,52.396416,-1.980851,LICHFIELD TRENT VALLEY,52.687522,-1.800241,66.3
NT_HEX_MPT,Northern,HEXHAM,54.974176,-2.095265,MORPETH,55.162509,-1.682916,66.3
GW_EXD_BNP,Great Western Railway,EXETER ST DAVIDS,50.729079,-3.544342,BARNSTAPLE,51.073584,-4.063971,66.3
TL_ORP_WHP,Thameslink,ORPINGTON,51.373520,0.089029,WEST HAMPSTEAD THAMESLINK,51.548167,-0.192888,66.3
SW_KNG_WAT,South Western Railway,KINGSTON,51.412210,-0.301790,LONDON WATERLOO,51.501916,-0.111149,66.2
LM_BHM_NMP,West Midlands Trains,BIRMINGHAM NEW STREET,52.478184,-1.898364,NORTHAMPTON,52.236734,-0.907536,66.2
SW_SAL_RDB,South Western Railway,SALISBURY,51.070968,-1.805843,REDBRIDGE,50.919760,-1.470731,66.1
SE_VIC_GRV,Southeastern,LONDON VICTORIA,51.495256,-0.144559,GRAVESEND,51.441079,0.366960,66.0
GN_SVG_MOG,Great Northern,STEVENAGE,51.899068,-0.206458,MOORGATE,51.519563,-0.090239,66.0
LE_LST_BIS,Greater Anglia,LIVERPOOL STREET EL,51.517601,-0.080232,BISHOPS STORTFORD,51.866732,0.165550,66.0
NT_LDS_SHF,Northern,LEEDS,53.795162,-1.549093,SHEFFIELD,53.378646,-1.463308,66.0
AW_MAN_CTR,Transport for Wales,MANCHESTER PICCADILLY,53.476707,-2.228978,CHESTER,53.196824,-2.880120,65.8
TP_YRK_NCL,TransPennine Express,YORK,53.957964,-1.093182,NEWCASTLE,54.968221,-1.617282,65.7
EM_LCN_NOT,East Midlands Railway,LINCOLN,53.227105,-0.540951,NOTTINGHAM,52.948012,-1.145694,65.6
GW_RBU_HWE,Great Western Railway,READING BUS,51.457772,-0.972289,HEATHROW TERMINAL 3 BUS,51.469109,-0.449414,65.6
NT_HUL_DON,Northern,HULL,53.743271,-0.347231,DONCASTER,53.521477,-1.140236,65.6
CH_MYB_AVP,Chiltern Railways,LONDON MARYLEBONE,51.522533,-0.163631,AYLESBURY VALE PARKWAY,51.830795,-0.860787,65.5
LM_WOF_BSW,West Midlands Trains,WORCESTER FOREGATE STREET,52.194829,-2.220863,BIRMINGHAM SNOW HILL,52.483579,-1.899824,65.5
XR_HWV_ABW,Elizabeth Line,HEATHROW TERMINAL 5,51.471414,-0.488212,ABBEY WOOD,51.490766,0.120314,65.5
SW_GLD_WAT,South Western Railway,GUILDFORD,51.236968,-0.580425,LONDON WATERLOO,51.501916,-0.111149,65.4
GW_OKE_BUA,Great Western Railway,OKEHAMPTON,50.737521,-3.995300,BUDE BUS,50.828398,-4.547321,65.4
NT_NCL_CHT,Northern,NEWCASTLE,54.968221,-1.617282,CHATHILL,55.536373,-1.706853,65.3
SW_WAT_GLD,South Western Railway,LONDON WATERLOO,51.501916,-0.111149,GUILDFORD,51.236968,-0.580425,65.3
GN_MOG_SVG,Great Northern,MOORGATE,51.519563,-0.090239,STEVENAGE,51.899068,-0.206458,65.2
SE_CHX_GRV,Southeastern,LONDON CHARING CROSS,51.508415,-0.123850,GRAVESEND,51.441079,0.366960,65.1
GW_BUA_OKE,Great Western Railway,BUDE BUS,50.828398,-4.547321,OKEHAMPTON,50.737521,-3.995300,65.1
SW_HSL_WAT,South Western Railway,HASLEMERE,51.089294,-0.719173,LONDON WATERLOO,51.501916,-0.111149,65.0
SE_GRV_VIC,Southeastern,GRAVESEND,51.441079,0.366960,LONDON VICTORIA,51.495256,-0.144559,65.0
TL_VIC_SEV,Thameslink,LONDON VICTORIA,51.495256,-0.144559,SEVENOAKS,51.277394,0.182167,65.0
GW_OXF_WOS,Great Western Railway,OXFORD,51.753133,-1.271275,WORCESTER SHRUB HILL,52.194848,-2.210623,65.0
AW_LIV_WRX,Transport for Wales,LIVERPOOL LIME STREET,53.407307,-2.977726,WREXHAM GENERAL,53.050230,-3.002443,65.0
LE_COL_LST,Greater Anglia,COLCHESTER,51.900524,0.894040,LIVERPOOL STREET EL,51.517601,-0.080232,64.9
SR_BHC_SPR,ScotRail,BALLOCH,56.002932,-4.583485,SPRINGBURN,55.881316,-4.230019,64.8
AW_TRB_CDF,Transport for Wales,TREHERBERT,51.671620,-3.535703,CARDIFF CENTRAL,51.475239,-3.177755,64.8
NT_DON_HUL,Northern,DONCASTER,53.521477,-1.140236,HULL,53.743271,-0.347231,64.6
SW_WAT_HSL,South Western Railway,LONDON WATERLOO,51.501916,-0.111149,HASLEMERE,51.089294,-0.719173,64.6
SR_MTH_DMR,ScotRail,MOTHERWELL,55.791883,-3.995197,DALMUIR,55.911742,-4.426989,64.5
TL_KTN_ORP,Thameslink,KENTISH TOWN,51.550029,-0.139446,ORPINGTON,51.373520,0.089029,64.5
SR_LAR_GLC,ScotRail,LARGS,55.792591,-4.867888,GLASGOW CENT LL,55.858317,-4.259062,64.5
GW_HWE_RBU,Great Western Railway,HEATHROW TERMINAL 3 BUS,51.469109,-0.449414,READING BUS,51.457772,-0.972289,64.4
AW_CDF_EBB,Transport for Wales,CARDIFF CENTRAL,51.475239,-3.177755,EBBW VALE TOWN,51.782453,-3.207485,64.3
ME_SOP_HNX,Merseyrail,SOUTHPORT,53.647098,-3.002933,HUNTS CROSS,53.360597,-2.856445,64.3
SR_GLC_LAR,ScotRail,GLASGOW CENT LL,55.858317,-4.259062,LARGS,55.792591,-4.867888,64.3
XR_ABW_HWV,Elizabeth Line,ABBEY WOOD,51.490766,0.120314,HEATHROW TERMINAL 5,51.471414,-0.488212,64.1
LM_BLY_EUS,West Midlands Trains,BLETCHLEY,51.994973,-0.737190,LONDON EUSTON,51.528370,-0.134563,64.1
SE_MDE_CHX,Southeastern,MAIDSTONE EAST,51.277790,0.520590,LONDON CHARING CROSS,51.508415,-0.123850,64.0
TL_STP_EGR,Thameslink,LONDON ST PANCRAS,51.532725,-0.125734,EAST GRINSTEAD,51.126272,-0.017900,64.0
TP_WKK_MAN,TransPennine Express,WAKEFIELD KIRKGATE,53.678970,-1.488264,MANCHESTER PICCADILLY,53.476707,-2.228978,64.0
NT_DAR_MPT,Northern,DARLINGTON,54.520446,-1.547324,MORPETH,55.162509,-1.682916,64.0
EM_CLE_LCN,East Midlands Railway,CLEETHORPES,53.563170,-0.029615,LINCOLN,53.227105,-0.540951,64.0
NT_MIA_PRE,Northern,MANCHESTER AIRPORT,53.361571,-2.268930,PRESTON,53.755266,-2.708238,64.0
SE_GLM_BFR,Southeastern,GILLINGHAM (KENT),51.386884,0.549580,LONDON BLACKFRIARS,51.510787,-0.103576,64.0
TL_WHP_SUO,Thameslink,WEST HAMPSTEAD THAMESLINK,51.548167,-0.192888,SUTTON (LONDON),51.360182,-0.190241,64.0
AW_CDF_ABA,Transport for Wales,CARDIFF CENTRAL,51.475239,-3.177755,ABERDARE,51.714157,-3.443055,64.0
NT_MCV_BBN,Northern,MANCHESTER VICTORIA,53.487467,-2.242599,BLACKBURN,53.746514,-2.479122,64.0
GW_TAU_BRI,Great Western Railway,TAUNTON,51.023666,-3.102109,BRISTOL TEMPLE MEADS,51.449142,-2.581315,63.9
XR_HAF_ABW,Elizabeth Line,HEATHROW TERMINAL 4,51.458266,-0.445463,ABBEY WOOD,51.490766,0.120314,63.9
GW_XSC_TOT,Great Western Railway,SALCOMBE BUS,50.712093,-3.788830,TOTNES,50.435690,-3.688264,63.8
TP_LDS_MAN,TransPennine Express,LEEDS,53.795162,-1.549093,MANCHESTER PICCADILLY,53.476707,-2.228978,63.8
NT_LAN_BIF,Northern,LANCASTER,54.048546,-2.807912,BARROW-IN-FURNESS,54.118702,-3.226953,63.8
LM_NMP_BHM,West Midlands Trains,NORTHAMPTON,52.236734,-0.907536,BIRMINGHAM NEW STREET,52.478184,-1.898364,63.7
SR_DMR_MTH,ScotRail,DALMUIR,55.911742,-4.426989,MOTHERWELL,55.791883,-3.995197,63.5
LE_LST_BTR,Greater Anglia,LIVERPOOL STREET EL,51.517601,-0.080232,BRAINTREE,51.875064,0.556770,63.5
LO_CLJ_SRA,London Overground,CLAPHAM JUNCTION,51.464186,-0.170293,STRATFORD (LONDON),51.540613,-0.004275,63.4
AW_LLD_CTR,Transport for Wales,LLANDUDNO,53.320915,-3.827001,CHESTER,53.196824,-2.880120,63.3
SW_SAL_CFR,South Western Railway,SALISBURY,51.070968,-1.805843,CHANDLERS FORD,50.983162,-1.380262,63.2
AW_CDF_GCR,Transport for Wales,CARDIFF CENTRAL,51.475239,-3.177755,GLOUCESTER,51.867536,-2.238135,63.2
SW_SAL_RDG,South Western Railway,SALISBURY,51.070968,-1.805843,READING,51.458684,-0.973708,63.1
ME_HNX_SOP,Merseyrail,HUNTS CROSS,53.360597,-2.856445,SOUTHPORT,53.647098,-3.002933,63.1
SE_CHX_MDE,Southeastern,LONDON CHARING CROSS,51.508415,-0.123850,MAIDSTONE EAST,51.277790,0.520590,63.1
EM_SHF_LEI,East Midlands Railway,SHEFFIELD,53.378646,-1.463308,LEICESTER,52.631423,-1.125275,63.0
CH_BMO_BAN,Chiltern Railways,BIRMINGHAM MOOR STREET,52.479078,-1.892473,BANBURY,52.060959,-1.327540,63.0
TL_ORP_KTN,Thameslink,ORPINGTON,51.373520,0.089029,KENTISH TOWN,51.550029,-0.139446,63.0
SW_CLC_SAL,South Western Railway,CASTLE CARY,51.099634,-2.522649,SALISBURY,51.070968,-1.805843,63.0
TP_MAN_LDS,TransPennine Express,MANCHESTER PICCADILLY,53.476707,-2.228978,LEEDS,53.795162,-1.549093,62.9
SW_RDG_SAL,South Western Railway,READING,51.458684,-0.973708,SALISBURY,51.070968,-1.805843,62.9
AW_ABA_CDF,Transport for Wales,ABERDARE,51.714157,-3.443055,CARDIFF CENTRAL,51.475239,-3.177755,62.9
AW_HFD_CDF,Transport for Wales,HEREFORD,52.060743,-2.708831,CARDIFF CENTRAL,51.475239,-3.177755,62.7
NT_BBN_MCV,Northern,BLACKBURN,53.746514,-2.479122,MANCHESTER VICTORIA,53.487467,-2.242599,62.7
AW_BID_WXC,Transport for Wales,BIDSTON,53.409135,-3.078561,WREXHAM CENTRAL,53.045761,-2.999356,62.5
LM_BSW_WOF,West Midlands Trains,BIRMINGHAM SNOW HILL,52.483579,-1.899824,WORCESTER FOREGATE STREET,52.194829,-2.220863,62.5
SN_HHE_LIT,Southern,HAYWARDS HEATH,51.005421,-0.105730,LITTLEHAMPTON,50.810294,-0.546557,62.5
SN_BAA_SOU,Southern,BARNHAM,50.831201,-0.639629,SOUTHAMPTON CENTRAL,50.907799,-1.413975,62.5
XR_ABW_HAF,Elizabeth Line,ABBEY WOOD,51.490766,0.120314,HEATHROW TERMINAL 4,51.458266,-0.445463,62.5
SE_GRV_CHX,Southeastern,GRAVESEND,51.441079,0.366960,LONDON CHARING CROSS,51.508415,-0.123850,62.3
SN_ECR_UCK,Southern,EAST CROYDON,51.375731,-0.093357,UCKFIELD,50.968717,0.095027,62.3
SR_GLT_EDB,ScotRail,GLENROTHES WITH THORNTON,56.162174,-3.143171,EDINBURGH,55.952391,-3.188228,62.3
GX_BTN_VIC,Gatwick Express,BRIGHTON,50.829722,-0.141252,LONDON VICTORIA,51.495256,-0.144559,62.3
AW_CDF_MER,Transport for Wales,CARDIFF CENTRAL,51.475239,-3.177755,MERTHYR TYDFIL,51.745517,-3.377422,62.2
SR_LRH_MLN,ScotRail,LARKHALL,55.738263,-3.976530,MILNGAVIE,55.940859,-4.315111,62.0
NT_BDI_LDS,Northern,BRADFORD INTERCHANGE,53.790354,-1.749509,LEEDS,53.795162,-1.549093,62.0
NT_SEL_BIF,Northern,SELLAFIELD,54.416568,-3.511689,BARROW-IN-FURNESS,54.118702,-3.226953,62.0
SR_CRS_GRS,ScotRail,CARSTAIRS,55.690710,-3.668666,GARSCADDEN,55.887788,-4.364722,62.0
SE_CST_GRV,Southeastern,LONDON CANNON STREET,51.510577,-0.090615,GRAVESEND,51.441079,0.366960,62.0
GW_PAR_PLY,Great Western Railway,PAR,50.355325,-4.704675,PLYMOUTH,50.377826,-4.143320,62.0
GW_WSM_AVN,Great Western Railway,WESTON-SUPER-MARE,51.344046,-2.971944,AVONMOUTH,51.499745,-2.700091,62.0
LM_BHM_CRE,West Midlands Trains,BIRMINGHAM NEW STREET,52.478184,-1.898364,CREWE,53.089623,-2.432969,62.0
GW_PLY_PGN,Great Western Railway,PLYMOUTH,50.377826,-4.143320,PAIGNTON,50.434724,-3.564313,62.0
GW_WSB_SOU,Great Western Railway,WESTBURY,51.266984,-2.199182,SOUTHAMPTON CENTRAL,50.907799,-1.413975,62.0
LO_SRA_CLJ,London Overground,STRATFORD (LONDON),51.540613,-0.004275,CLAPHAM JUNCTION,51.464186,-0.170293,61.8
AW_CTR_MAN,Transport for Wales,CHESTER,53.196824,-2.880120,MANCHESTER PICCADILLY,53.476707,-2.228978,61.7
TP_MAN_WKK,TransPennine Express,MANCHESTER PICCADILLY,53.476707,-2.228978,WAKEFIELD KIRKGATE,53.678970,-1.488264,61.7
LO_SRA_RMD,London Overground,STRATFORD (LONDON),51.540613,-0.004275,RICHMOND (LONDON),51.462561,-0.301361,61.6
SN_EPD_VIC,Southern,EPSOM DOWNS,51.321424,-0.243433,LONDON VICTORIA,51.495256,-0.144559,61.6
NT_BIF_LAN,Northern,BARROW-IN-FURNESS,54.118702,-3.226953,LANCASTER,54.048546,-2.807912,61.5
EM_NOT_LCN,East Midlands Railway,NOTTINGHAM,52.948012,-1.145694,LINCOLN,53.227105,-0.540951,61.5
AW_WXC_BID,Transport for Wales,WREXHAM CENTRAL,53.045761,-2.999356,BIDSTON,53.409135,-3.078561,61.5
GW_TOT_XSC,Great Western Railway,TOTNES,50.435690,-3.688264,SALCOMBE BUS,50.712093,-3.788830,61.4
LE_BTR_LST,Greater Anglia,BRAINTREE,51.875064,0.556770,LIVERPOOL STREET EL,51.517601,-0.080232,61.4
GW_FRO_BRI,Great Western Railway,FROME,51.227181,-2.309280,BRISTOL TEMPLE MEADS,51.449142,-2.581315,61.2
NT_MAN_BUX,Northern,MANCHESTER PICCADILLY,53.476707,-2.228978,BUXTON,53.260270,-1.913014,61.2
GW_SWI_CNM,Great Western Railway,SWINDON (WILTS),51.565481,-1.786434,CHELTENHAM SPA,51.896505,-2.100228,61.2
LM_WSL_WVH,West Midlands Trains,WALSALL,52.584307,-1.985198,WOLVERHAMPTON,52.587843,-2.119515,61.1
NT_BUX_MAN,Northern,BUXTON,53.260270,-1.913014,MANCHESTER PICCADILLY,53.476707,-2.228978,61.0
SN_DKG_VIC,Southern,DORKING,51.241669,-0.323837,LONDON VICTORIA,51.495256,-0.144559,61.0
NT_BON_BPN,Northern,BOLTON,53.574142,-2.425825,BLACKPOOL NORTH,53.821074,-3.049618,61.0
EM_LCN_CLE,East Midlands Railway,LINCOLN,53.227105,-0.540951,CLEETHORPES,53.563170,-0.029615,61.0
SE_CST_TBW,Southeastern,LONDON CANNON STREET,51.510577,-0.090615,TUNBRIDGE WELLS,51.130177,0.262407,61.0
LE_NRW_BCC,Greater Anglia,NORWICH,52.627152,1.306820,BECCLES,52.458521,1.569493,61.0
EM_STP_KET,East Midlands Railway,LONDON ST PANCRAS,51.532725,-0.125734,KETTERING,52.393214,-0.731734,61.0
XC_GLC_EDB,CrossCountry,GLASGOW CENT LL,55.858317,-4.259062,EDINBURGH,55.952391,-3.188228,61.0
SE_RAM_AFK,Southeastern,RAMSGATE,51.340823,1.405779,ASHFORD INTERNATIONAL,51.143732,0.873597,60.9
SW_WAT_BNI,South Western Railway,LONDON WATERLOO,51.501916,-0.111149,BARNES BRIDGE,51.471729,-0.252065,60.8
SR_EDB_GLT,ScotRail,EDINBURGH,55.952391,-3.188228,GLENROTHES WITH THORNTON,56.162174,-3.143171,60.8
TP_LDS_HUL,TransPennine Express,LEEDS,53.795162,-1.549093,HULL,53.743271,-0.347231,60.8
SW_WAT_BCE,South Western Railway,LONDON WATERLOO,51.501916,-0.111149,BRACKNELL,51.413370,-0.751840,60.6
SW_PMH_SOU,South Western Railway,PORTSMOUTH HARBOUR,50.796159,-1.108891,SOUTHAMPTON CENTRAL,50.907799,-1.413975,60.6
SN_BAA_BTN,Southern,BARNHAM,50.831201,-0.639629,BRIGHTON,50.829722,-0.141252,60.5
LE_LST_SOV,Greater Anglia,LIVERPOOL STREET EL,51.517601,-0.080232,SOUTHEND VICTORIA,51.542445,0.711152,60.5
SW_WAT_MTL,South Western Railway,LONDON WATERLOO,51.501916,-0.111149,MORTLAKE,51.468347,-0.266592,60.4
GW_PAD_SWI,Great Western Railway,LONDON PADDINGTON,51.516445,-0.176848,SWINDON (WILTS),51.565481,-1.786434,60.3
AW_WTL_PMD,Transport for Wales,WHITLAND,51.818028,-4.614391,PEMBROKE DOCK,51.694382,-4.937210,60.3
LM_WOS_BMO,West Midlands Trains,WORCESTER SHRUB HILL,52.194848,-2.210623,BIRMINGHAM MOOR STREET,52.479078,-1.892473,60.2
SR_EDB_DBL,ScotRail,EDINBURGH,55.952391,-3.188228,DUNBLANE,56.185950,-3.967262,60.1
AW_CDF_RHY,Transport for Wales,CARDIFF CENTRAL,51.475239,-3.177755,RHYMNEY,51.759104,-3.289451,60.0
SE_CBW_STP,Southeastern,CANTERBURY WEST,51.284332,1.074562,LONDON ST PANCRAS,51.532725,-0.125734,60.0
NT_MAN_LIV,Northern,MANCHESTER PICCADILLY,53.476707,-2.228978,LIVERPOOL LIME STREET,53.407307,-2.977726,60.0
EM_STP_WEL,East Midlands Railway,LONDON ST PANCRAS,51.532725,-0.125734,WELLINGBOROUGH,52.303590,-0.675630,60.0
TL_LUT_EPH,Thameslink,LUTON,51.882279,-0.414898,ELEPHANT & CASTLE,51.494518,-0.098489,60.0
LM_WOF_BMO,West Midlands Trains,WORCESTER FOREGATE STREET,52.194829,-2.220863,BIRMINGHAM MOOR STREET,52.479078,-1.892473,60.0
AW_MER_CDF,Transport for Wales,MERTHYR TYDFIL,51.745517,-3.377422,CARDIFF CENTRAL,51.475239,-3.177755,60.0
AW_PMD_WTL,Transport for Wales,PEMBROKE DOCK,51.694382,-4.937210,WHITLAND,51.818028,-4.614391,60.0
LE_SOV_LST,Greater Anglia,SOUTHEND VICTORIA,51.542445,0.711152,LIVERPOOL STREET EL,51.517601,-0.080232,59.9
NT_WGW_SYB,Northern,WIGAN WALLGATE,53.545356,-2.633797,STALYBRIDGE,53.484100,-2.064760,59.9
SR_MLN_MTH,ScotRail,MILNGAVIE,55.940859,-4.315111,MOTHERWELL,55.791883,-3.995197,59.8
LO_RMD_SRA,London Overground,RICHMOND (LONDON),51.462561,-0.301361,STRATFORD (LONDON),51.540613,-0.004275,59.8
SN_VIC_EGR,Southern,LONDON VICTORIA,51.495256,-0.144559,EAST GRINSTEAD,51.126272,-0.017900,59.7
TP_HUL_LDS,TransPennine Express,HULL,53.743271,-0.347231,LEEDS,53.795162,-1.549093,59.7
SN_VIC_EPD,Southern,LONDON VICTORIA,51.495256,-0.144559,EPSOM DOWNS,51.321424,-0.243433,59.6
SW_CLJ_WYB,South Western Railway,CLAPHAM JUNCTION,51.464186,-0.170293,WEYBRIDGE,51.361306,-0.457366,59.5
SW_ACT_WAT,South Western Railway,ASCOT,51.406242,-0.675833,LONDON WATERLOO,51.501916,-0.111149,59.5
XC_EDB_GLC,CrossCountry,EDINBURGH,55.952391,-3.188228,GLASGOW CENT LL,55.858317,-4.259062,59.5
GW_BRI_FRO,Great Western Railway,BRISTOL TEMPLE MEADS,51.449142,-2.581315,FROME,51.227181,-2.309280,59.4
GW_CNM_SWI,Great Western Railway,CHELTENHAM SPA,51.896505,-2.100228,SWINDON (WILTS),51.565481,-1.786434,59.4
SE_HGS_TON,Southeastern,HASTINGS,50.858359,0.576057,TONBRIDGE,51.191192,0.269689,59.3
GW_SWI_PAD,Great Western Railway,SWINDON (WILTS),51.565481,-1.786434,LONDON PADDINGTON,51.516445,-0.176848,59.3
SE_TON_HGS,Southeastern,TONBRIDGE,51.191192,0.269689,HASTINGS,50.858359,0.576057,59.2
AW_WRX_BID,Transport for Wales,WREXHAM GENERAL,53.050230,-3.002443,BIDSTON,53.409135,-3.078561,59.2
SE_SEV_CHX,Southeastern,SEVENOAKS,51.277394,0.182167,LONDON CHARING CROSS,51.508415,-0.123850,59.2
GX_VIC_BTN,Gatwick Express,LONDON VICTORIA,51.495256,-0.144559,BRIGHTON,50.829722,-0.141252,59.2
SE_CHX_TBW,Southeastern,LONDON CHARING CROSS,51.508415,-0.123850,TUNBRIDGE WELLS,51.130177,0.262407,59.2
CC_BKG_SOC,c2c,BARKING,51.540035,0.080783,SOUTHEND CENTRAL,51.537023,0.712272,59.0
SR_KIN_INV,ScotRail,KINGUSSIE,57.077780,-4.052192,INVERNESS,57.480114,-4.223176,59.0
LE_ELY_NRW,Greater Anglia,ELY,52.390883,0.266075,NORWICH,52.627152,1.306820,59.0
SN_UCK_ECR,Southern,UCKFIELD,50.968717,0.095027,EAST CROYDON,51.375731,-0.093357,59.0
SE_BFR_RTR,Southeastern,LONDON BLACKFRIARS,51.510787,-0.103576,ROCHESTER,51.389611,0.506608,59.0
GW_WMN_BRI,Great Western Railway,WARMINSTER,51.206774,-2.177450,BRISTOL TEMPLE MEADS,51.449142,-2.581315,59.0
GW_EVE_OXF,Great Western Railway,EVESHAM,52.098827,-1.947401,OXFORD,51.753133,-1.271275,59.0
NT_BIF_SEL,Northern,BARROW-IN-FURNESS,54.118702,-3.226953,SELLAFIELD,54.416568,-3.511689,59.0
SR_EDB_TWB,ScotRail,EDINBURGH,55.952391,-3.188228,TWEEDBANK,55.605349,-2.760254,59.0
SR_DBL_EDB,ScotRail,DUNBLANE,56.185950,-3.967262,EDINBURGH,55.952391,-3.188228,58.9
SW_BMH_WEY,South Western Railway,BOURNEMOUTH,50.727541,-1.863935,WEYMOUTH,50.615220,-2.455069,58.9
NT_LDS_YRK,Northern,LEEDS,53.795162,-1.549093,YORK,53.957964,-1.093182,58.8
SW_PMS_SOU,South Western Railway,PORTSMOUTH & SOUTHSEA,50.797815,-1.090413,SOUTHAMPTON CENTRAL,50.907799,-1.413975,58.8
CC_FST_PSE,c2c,LONDON FENCHURCH STREET,51.511287,-0.079056,PITSEA,51.560439,0.508779,58.8
AW_RHY_CDF,Transport for Wales,RHYMNEY,51.759104,-3.289451,CARDIFF CENTRAL,51.475239,-3.177755,58.8
SW_SOU_POO,South Western Railway,SOUTHAMPTON CENTRAL,50.907799,-1.413975,POOLE,50.718626,-1.982949,58.6
LM_EUS_BLY,West Midlands Trains,LONDON EUSTON,51.528370,-0.134563,BLETCHLEY,51.994973,-0.737190,58.5
CC_FST_LES,c2c,LONDON FENCHURCH STREET,51.511287,-0.079056,LEIGH-ON-SEA,51.541361,0.640416,58.5
SN_SUO_LBG,Southern,SUTTON (LONDON),51.360182,-0.190241,LONDON BRIDGE,51.505091,-0.085080,58.5
SW_PMH_WIN,South Western Railway,PORTSMOUTH HARBOUR,50.796159,-1.108891,WINCHESTER,51.067358,-1.320625,58.5
LM_CRE_BHM,West Midlands Trains,CREWE,53.089623,-2.432969,BIRMINGHAM NEW STREET,52.478184,-1.898364,58.5
NT_WDM_PRE,Northern,WINDERMERE,54.380408,-2.903717,PRESTON,53.755266,-2.708238,58.4
LM_GMV_BHM,West Midlands Trains,GREAT MALVERN,52.109197,-2.318271,BIRMINGHAM NEW STREET,52.478184,-1.898364,58.4
SW_WNR_WAT,South Western Railway,WINDSOR & ETON RIVERSIDE,51.486359,-0.605821,LONDON WATERLOO,51.501916,-0.111149,58.3
SR_TWB_EDB,ScotRail,TWEEDBANK,55.605349,-2.760254,EDINBURGH,55.952391,-3.188228,58.2
XC_BHM_LEI,CrossCountry,BIRMINGHAM NEW STREET,52.478184,-1.898364,LEICESTER,52.631423,-1.125275,58.1
SW_SOU_PMS,South Western Railway,SOUTHAMPTON CENTRAL,50.907799,-1.413975,PORTSMOUTH & SOUTHSEA,50.797815,-1.090413,58.0
SE_CHX_SEV,Southeastern,LONDON CHARING CROSS,51.508415,-0.123850,SEVENOAKS,51.277394,0.182167,58.0
AW_BGN_CDF,Transport for Wales,BRIDGEND,51.506527,-3.576255,CARDIFF CENTRAL,51.475239,-3.177755,58.0
LE_NRW_ELY,Greater Anglia,NORWICH,52.627152,1.306820,ELY,52.390883,0.266075,58.0
NT_BBN_BPS,Northern,BLACKBURN,53.746514,-2.479122,BLACKPOOL SOUTH,53.798608,-3.049057,58.0
NT_BPS_BBN,Northern,BLACKPOOL SOUTH,53.798608,-3.049057,BLACKBURN,53.746514,-2.479122,58.0
GW_BRI_WMN,Great Western Railway,BRISTOL TEMPLE MEADS,51.449142,-2.581315,WARMINSTER,51.206774,-2.177450,58.0
AW_BFF_LLJ,Transport for Wales,BLAENAU FFESTINIOG,52.996304,-3.944396,LLANDUDNO JUNCTION,53.283433,-3.808900,58.0
SE_MDE_CST,Southeastern,MAIDSTONE EAST,51.277790,0.520590,LONDON CANNON STREET,51.510577,-0.090615,58.0
SR_MTH_GRS,ScotRail,MOTHERWELL,55.791883,-3.995197,GARSCADDEN,55.887788,-4.364722,58.0
TL_TBD_LBG,Thameslink,THREE BRIDGES,51.116922,-0.161184,LONDON BRIDGE,51.505091,-0.085080,57.8
NT_CRE_MAN,Northern,CREWE,53.089623,-2.432969,MANCHESTER PICCADILLY,53.476707,-2.228978,57.8
SN_LIT_HHE,Southern,LITTLEHAMPTON,50.810294,-0.546557,HAYWARDS HEATH,51.005421,-0.105730,57.8
SW_WOK_WAT,South Western Railway,WOKING,51.318523,-0.557819,LONDON WATERLOO,51.501916,-0.111149,57.7
LE_NRW_SHM,Greater Anglia,NORWICH,52.627152,1.306820,SHERINGHAM,52.940981,1.210138,57.7
TP_MIA_PRE,TransPennine Express,MANCHESTER AIRPORT,53.361571,-2.268930,PRESTON,53.755266,-2.708238,57.7
SR_LRH_GRS,ScotRail,LARKHALL,55.738263,-3.976530,GARSCADDEN,55.887788,-4.364722,57.7
AW_BID_WRX,Transport for Wales,BIDSTON,53.409135,-3.078561,WREXHAM GENERAL,53.050230,-3.002443,57.5
NT_NOT_SHF,Northern,NOTTINGHAM,52.948012,-1.145694,SHEFFIELD,53.378646,-1.463308,57.5
SR_WFF_DMR,ScotRail,WHIFFLET,55.852552,-4.022271,DALMUIR,55.911742,-4.426989,57.5
LE_IPS_NRW,Greater Anglia,IPSWICH,52.050591,1.144426,NORWICH,52.627152,1.306820,57.4
NT_YRK_LDS,Northern,YORK,53.957964,-1.093182,LEEDS,53.795162,-1.549093,57.4
SN_VIC_DKG,Southern,LONDON VICTORIA,51.495256,-0.144559,DORKING,51.241669,-0.323837,57.2
SE_AFK_MAR,Southeastern,ASHFORD INTERNATIONAL,51.143732,0.873597,MARGATE,51.384987,1.371683,57.2
CC_PSE_FST,c2c,PITSEA,51.560439,0.508779,LONDON FENCHURCH STREET,51.511287,-0.079056,57.1
NT_MCE_HPL,Northern,METROCENTRE,54.958470,-1.662661,HARTLEPOOL,54.686754,-1.207316,57.0
NT_MCO_SOT,Northern,MANCHESTER OXFORD ROAD,53.473984,-2.242522,STOKE-ON-TRENT,53.008474,-2.180289,57.0
GN_KGX_SVG,Great Northern,LONDON KINGS CROSS,51.530882,-0.122926,STEVENAGE,51.899068,-0.206458,57.0
NT_SOT_MCO,Northern,STOKE-ON-TRENT,53.008474,-2.180289,MANCHESTER OXFORD ROAD,53.473984,-2.242522,57.0
LE_BCC_NRW,Greater Anglia,BECCLES,52.458521,1.569493,NORWICH,52.627152,1.306820,57.0
SE_TBW_CST,Southeastern,TUNBRIDGE WELLS,51.130177,0.262407,LONDON CANNON STREET,51.510577,-0.090615,57.0
SR_AUK_GLC,ScotRail,AUCHINLECK,55.470272,-4.295349,GLASGOW CENT LL,55.858317,-4.259062,57.0
TL_SUO_WHP,Thameslink,SUTTON (LONDON),51.360182,-0.190241,WEST HAMPSTEAD THAMESLINK,51.548167,-0.192888,57.0
NT_LIV_MCV,Northern,LIVERPOOL LIME STREET,53.407307,-2.977726,MANCHESTER VICTORIA,53.487467,-2.242599,57.0
CH_BAN_BMO,Chiltern Railways,BANBURY,52.060959,-1.327540,BIRMINGHAM MOOR STREET,52.479078,-1.892473,57.0
SE_TBW_CHX,Southeastern,TUNBRIDGE WELLS,51.130177,0.262407,LONDON CHARING CROSS,51.508415,-0.123850,56.9
AW_CMN_MFH,Transport for Wales,CARMARTHEN,51.853267,-4.305666,MILFORD HAVEN,51.716012,-5.041415,56.9
LM_BMO_WOS,West Midlands Trains,BIRMINGHAM MOOR STREET,52.479078,-1.892473,WORCESTER SHRUB HILL,52.194848,-2.210623,56.8
LM_DDG_SBJ,West Midlands Trains,DORRIDGE,52.371888,-1.753195,STOURBRIDGE JUNCTION,52.447585,-2.133847,56.8
SR_WMS_GLC,ScotRail,WEMYSS BAY,55.876606,-4.888475,GLASGOW CENT LL,55.858317,-4.259062,56.7
SN_LIT_PMH,Southern,LITTLEHAMPTON,50.810294,-0.546557,PORTSMOUTH HARBOUR,50.796159,-1.108891,56.7
LE_COL_WON,Greater Anglia,COLCHESTER,51.900524,0.894040,WALTON-ON-THE-NAZE,51.846649,1.268140,56.6
SN_PMH_LIT,Southern,PORTSMOUTH HARBOUR,50.796159,-1.108891,LITTLEHAMPTON,50.810294,-0.546557,56.6
TP_LIV_MAN,TransPennine Express,LIVERPOOL LIME STREET,53.407307,-2.977726,MANCHESTER PICCADILLY,53.476707,-2.228978,56.5
SE_SEV_CST,Southeastern,SEVENOAKS,51.277394,0.182167,LONDON CANNON STREET,51.510577,-0.090615,56.5
AW_LLJ_BFF,Transport for Wales,LLANDUDNO JUNCTION,53.283433,-3.808900,BLAENAU FFESTINIOG,52.996304,-3.944396,56.5
SN_EGR_VIC,Southern,EAST GRINSTEAD,51.126272,-0.017900,LONDON VICTORIA,51.495256,-0.144559,56.5
QC_CRU_OBN,QC,CRAIGNURE,56.471437,-5.708280,OBAN,56.411698,-5.473779,56.4
XC_LEI_BHM,CrossCountry,LEICESTER,52.631423,-1.125275,BIRMINGHAM NEW STREET,52.478184,-1.898364,56.3
NT_SOT_MAN,Northern,STOKE-ON-TRENT,53.008474,-2.180289,MANCHESTER PICCADILLY,53.476707,-2.228978,56.3
SE_DFD_CST,Southeastern,DARTFORD,51.447598,0.217618,LONDON CANNON STREET,51.510577,-0.090615,56.2
LM_BHM_GMV,West Midlands Trains,BIRMINGHAM NEW STREET,52.478184,-1.898364,GREAT MALVERN,52.109197,-2.318271,56.2
SN_VIC_TBD,Southern,LONDON VICTORIA,51.495256,-0.144559,THREE BRIDGES,51.116922,-0.161184,56.2
SN_LBG_VIC,Southern,LONDON BRIDGE,51.505091,-0.085080,LONDON VICTORIA,51.495256,-0.144559,56.2
SW_WAT_KNG,South Western Railway,LONDON WATERLOO,51.501916,-0.111149,KINGSTON,51.412210,-0.301790,56.1
LE_SRA_HFE,Greater Anglia,STRATFORD (LONDON),51.540613,-0.004275,HERTFORD EAST,51.799837,-0.072617,56.1
SR_GLC_WMS,ScotRail,GLASGOW CENT LL,55.858317,-4.259062,WEMYSS BAY,55.876606,-4.888475,56.0
TW_SUN_APN,TW,SUNDERLAND,54.906147,-1.382370,NEWCASTLE AIRPRT,55.035878,-1.712080,56.0
LM_SBJ_DDG,West Midlands Trains,STOURBRIDGE JUNCTION,52.447585,-2.133847,DORRIDGE,52.371888,-1.753195,56.0
AW_CTR_SHR,Transport for Wales,CHESTER,53.196824,-2.880120,SHREWSBURY,52.711393,-2.748938,56.0
SE_LBG_GRV,Southeastern,LONDON BRIDGE,51.505091,-0.085080,GRAVESEND,51.441079,0.366960,56.0
NT_SYB_WGN,Northern,STALYBRIDGE,53.484100,-2.064760,WIGAN NORTH WESTERN,53.543566,-2.632261,56.0
GW_PAD_OXF,Great Western Railway,LONDON PADDINGTON,51.516445,-0.176848,OXFORD,51.753133,-1.271275,55.9
GW_FAL_PAR,Great Western Railway,FALMOUTH DOCKS,50.151415,-5.055751,PAR,50.355325,-4.704675,55.8
SW_WAT_WOK,South Western Railway,LONDON WATERLOO,51.501916,-0.111149,WOKING,51.318523,-0.557819,55.7
AW_BYI_CPH,Transport for Wales,BARRY ISLAND,51.392412,-3.273363,CAERPHILLY,51.571942,-3.217770,55.6
GN_KGX_LET,Great Northern,LONDON KINGS CROSS,51.530882,-0.122926,LETCHWORTH GARDEN CITY,51.980342,-0.229424,55.6
AW_MST_CDF,Transport for Wales,MAESTEG,51.610652,-3.654960,CARDIFF CENTRAL,51.475239,-3.177755,55.6
TP_LDS_MCV,TransPennine Express,LEEDS,53.795162,-1.549093,MANCHESTER VICTORIA,53.487467,-2.242599,55.5
LM_SAV_BSW,West Midlands Trains,STRATFORD-UPON-AVON,52.193797,-1.716145,BIRMINGHAM SNOW HILL,52.483579,-1.899824,55.5
LE_HFE_SRA,Greater Anglia,HERTFORD EAST,51.799837,-0.072617,STRATFORD (LONDON),51.540613,-0.004275,55.5
GW_OXF_PAD,Great Western Railway,OXFORD,51.753133,-1.271275,LONDON PADDINGTON,51.516445,-0.176848,55.4
AW_CDF_BGN,Transport for Wales,CARDIFF CENTRAL,51.475239,-3.177755,BRIDGEND,51.506527,-3.576255,55.4
NT_SHF_AWK,Northern,SHEFFIELD,53.378646,-1.463308,ADWICK,53.573001,-1.181476,55.3
NT_MCV_LIV,Northern,MANCHESTER VICTORIA,53.487467,-2.242599,LIVERPOOL LIME STREET,53.407307,-2.977726,55.2
GN_LET_KGX,Great Northern,LETCHWORTH GARDEN CITY,51.980342,-0.229424,LONDON KINGS CROSS,51.530882,-0.122926,55.1
AW_SHR_CTR,Transport for Wales,SHREWSBURY,52.711393,-2.748938,CHESTER,53.196824,-2.880120,55.1
SN_VIC_LBG,Southern,LONDON VICTORIA,51.495256,-0.144559,LONDON BRIDGE,51.505091,-0.085080,55.0
ME_OMS_HNX,Merseyrail,ORMSKIRK,53.568952,-2.881790,HUNTS CROSS,53.360597,-2.856445,55.0
LE_BIS_SRA,Greater Anglia,BISHOPS STORTFORD,51.866732,0.165550,STRATFORD (LONDON),51.540613,-0.004275,55.0
LM_BMO_SAV,West Midlands Trains,BIRMINGHAM MOOR STREET,52.479078,-1.892473,STRATFORD-UPON-AVON,52.193797,-1.716145,55.0
NT_HBD_LDS,Northern,HEBDEN BRIDGE,53.737586,-2.009059,LEEDS,53.795162,-1.549093,55.0
LM_WFJ_EUS,West Midlands Trains,WATFORD JUNCTION,51.663527,-0.396517,LONDON EUSTON,51.528370,-0.134563,55.0
AW_BYC_BNG,Transport for Wales,BETWS-Y-COED,53.092065,-3.800861,BANGOR (GWYNEDD),53.222281,-4.135880,55.0
TL_KTN_SUO,Thameslink,KENTISH TOWN,51.550029,-0.139446,SUTTON (LONDON),51.360182,-0.190241,55.0
GW_BPW_WSM,Great Western Railway,BRISTOL PARKWAY,51.514064,-2.543233,WESTON-SUPER-MARE,51.344046,-2.971944,55.0
EM_SHF_NOT,East Midlands Railway,SHEFFIELD,53.378646,-1.463308,NOTTINGHAM,52.948012,-1.145694,55.0
SN_LIT_PMS,Southern,LITTLEHAMPTON,50.810294,-0.546557,PORTSMOUTH & SOUTHSEA,50.797815,-1.090413,55.0
SW_WAT_WNR,South Western Railway,LONDON WATERLOO,51.501916,-0.111149,WINDSOR & ETON RIVERSIDE,51.486359,-0.605821,54.9
SW_WIM_GLD,South Western Railway,WIMBLEDON,51.421582,-0.206515,GUILDFORD,51.236968,-0.580425,54.9
AW_CMN_FGH,Transport for Wales,CARMARTHEN,51.853267,-4.305666,FISHGUARD HARBOUR,52.011541,-4.985642,54.9
TW_APN_SUN,TW,NEWCASTLE AIRPRT,55.035878,-1.712080,SUNDERLAND,54.906147,-1.382370,54.9
QC_OBN_CRU,QC,OBAN,56.411698,-5.473779,CRAIGNURE,56.471437,-5.708280,54.8
LE_SHM_NRW,Greater Anglia,SHERINGHAM,52.940981,1.210138,NORWICH,52.627152,1.306820,54.8
ME_RFY_ELP,Merseyrail,ROCK FERRY,53.371981,-3.009984,ELLESMERE PORT,53.282107,-2.895371,54.7
LM_RGL_BHM,West Midlands Trains,RUGELEY TRENT VALLEY,52.769474,-1.930296,BIRMINGHAM NEW STREET,52.478184,-1.898364,54.6
SW_HWE_WOK,South Western Railway,HEATHROW TERMINAL 3 BUS,51.469109,-0.449414,WOKING,51.318523,-0.557819,54.6
NT_WGN_SYB,Northern,WIGAN NORTH WESTERN,53.543566,-2.632261,STALYBRIDGE,53.484100,-2.064760,54.5
EM_LCN_GMB,East Midlands Railway,LINCOLN,53.227105,-0.540951,GRIMSBY TOWN,53.564101,-0.086954,54.5
SE_TON_SOO,Southeastern,TONBRIDGE,51.191192,0.269689,STROOD (KENT),51.396052,0.499772,54.5
AW_MFH_CMN,Transport for Wales,MILFORD HAVEN,51.716012,-5.041415,CARMARTHEN,51.853267,-4.305666,54.4
XC_BRI_CDF,CrossCountry,BRISTOL TEMPLE MEADS,51.449142,-2.581315,CARDIFF CENTRAL,51.475239,-3.177755,54.3
LE_SRA_BIS,Greater Anglia,STRATFORD (LONDON),51.540613,-0.004275,BISHOPS STORTFORD,51.866732,0.165550,54.2
LE_WON_COL,Greater Anglia,WALTON-ON-THE-NAZE,51.846649,1.268140,COLCHESTER,51.900524,0.894040,54.2
GW_CDF_BRI,Great Western Railway,CARDIFF CENTRAL,51.475239,-3.177755,BRISTOL TEMPLE MEADS,51.449142,-2.581315,54.2
NT_SHF_NOT,Northern,SHEFFIELD,53.378646,-1.463308,NOTTINGHAM,52.948012,-1.145694,54.2
NT_MAN_CRE,Northern,MANCHESTER PICCADILLY,53.476707,-2.228978,CREWE,53.089623,-2.432969,54.1
ME_HNX_OMS,Merseyrail,HUNTS CROSS,53.360597,-2.856445,ORMSKIRK,53.568952,-2.881790,54.0
SN_GTW_VIC,Southern,GATWICK AIRPORT,51.156489,-0.161042,LONDON VICTORIA,51.495256,-0.144559,54.0
NT_CNF_BIF,Northern,CARNFORTH,54.129676,-2.771232,BARROW-IN-FURNESS,54.118702,-3.226953,54.0
SR_HYN_BHG,ScotRail,HYNDLAND,55.879753,-4.314668,BATHGATE,55.896937,-3.635927,54.0
SW_DKG_WAT,South Western Railway,DORKING,51.241669,-0.323837,LONDON WATERLOO,51.501916,-0.111149,54.0
SR_DMR_ADR,ScotRail,DALMUIR,55.911742,-4.426989,AIRDRIE,55.863977,-3.982912,54.0
SR_AND_CRS,ScotRail,ANDERSTON,55.859878,-4.271937,CARSTAIRS,55.690710,-3.668666,54.0
GW_SWI_FRO,Great Western Railway,SWINDON (WILTS),51.565481,-1.786434,FROME,51.227181,-2.309280,54.0
TL_EGR_LBG,Thameslink,EAST GRINSTEAD,51.126272,-0.017900,LONDON BRIDGE,51.505091,-0.085080,54.0
NT_MCV_CTR,Northern,MANCHESTER VICTORIA,53.487467,-2.242599,CHESTER,53.196824,-2.880120,54.0
NT_RET_MHS,Northern,RETFORD,53.315888,-0.947731,MEADOWHALL,53.417054,-1.411669,54.0
SR_DMR_WFF,ScotRail,DALMUIR,55.911742,-4.426989,WHIFFLET,55.852552,-4.022271,54.0
SE_SOO_TON,Southeastern,STROOD (KENT),51.396052,0.499772,TONBRIDGE,51.191192,0.269689,54.0
NT_SLB_DAR,Northern,SALTBURN,54.583450,-0.974133,DARLINGTON,54.520446,-1.547324,53.9
NT_DAR_SLB,Northern,DARLINGTON,54.520446,-1.547324,SALTBURN,54.583450,-0.974133,53.9
NT_MAN_SOT,Northern,MANCHESTER PICCADILLY,53.476707,-2.228978,STOKE-ON-TRENT,53.008474,-2.180289,53.9
EM_LEI_NOT,East Midlands Railway,LEICESTER,52.631423,-1.125275,NOTTINGHAM,52.948012,-1.145694,53.5
GN_KLS_HUS,Great Northern,KINGS LYNN BUSGN,52.754198,0.400483,HUNSTANTON BUS,52.936756,0.486477,53.5
TP_PRE_MIA,TransPennine Express,PRESTON,53.755266,-2.708238,MANCHESTER AIRPORT,53.361571,-2.268930,53.5
XR_PAD_SNF,Elizabeth Line,LONDON PADDINGTON,51.516445,-0.176848,SHENFIELD,51.630663,0.330577,53.5
AW_PTM_CFS,Transport for Wales,PORTHMADOG,52.930971,-4.136383,CAERNARFON BUS STATION,53.139709,-4.273821,53.4
SR_GIR_KMK,ScotRail,GIRVAN,55.246479,-4.848865,KILMARNOCK,55.612793,-4.498998,53.3
SR_GLC_AYR,ScotRail,GLASGOW CENT LL,55.858317,-4.259062,AYR,55.458210,-4.626829,53.2
SE_VIC_DFD,Southeastern,LONDON VICTORIA,51.495256,-0.144559,DARTFORD,51.447598,0.217618,53.1
SW_SHP_WAT,South Western Railway,SHEPPERTON,51.397146,-0.447536,LONDON WATERLOO,51.501916,-0.111149,53.1
XR_SNF_PAD,Elizabeth Line,SHENFIELD,51.630663,0.330577,LONDON PADDINGTON,51.516445,-0.176848,53.1
SR_HNT_ABD,ScotRail,HUNTLY,57.444321,-2.776353,ABERDEEN,57.143057,-2.097477,53.0
GW_WSM_BPW,Great Western Railway,WESTON-SUPER-MARE,51.344046,-2.971944,BRISTOL PARKWAY,51.514064,-2.543233,53.0
NT_PRE_WDM,Northern,PRESTON,53.755266,-2.708238,WINDERMERE,54.380408,-2.903717,53.0
SW_ACT_GLD,South Western Railway,ASCOT,51.406242,-0.675833,GUILDFORD,51.236968,-0.580425,53.0
AW_BNG_BYC,Transport for Wales,BANGOR (GWYNEDD),53.222281,-4.135880,BETWS-Y-COED,53.092065,-3.800861,53.0
SR_IGD_INV,ScotRail,INVERGORDON,57.688502,-4.175531,INVERNESS,57.480114,-4.223176,53.0
LM_BHM_RGL,West Midlands Trains,BIRMINGHAM NEW STREET,52.478184,-1.898364,RUGELEY TRENT VALLEY,52.769474,-1.930296,53.0
NT_MAC_SPT,Northern,MACCLESFIELD,53.259341,-2.121382,STOCKPORT,53.404908,-2.162409,53.0
VT_CRE_BHM,Avanti West Coast,CREWE,53.089623,-2.432969,BIRMINGHAM NEW STREET,52.478184,-1.898364,53.0
SR_PTH_ARB,ScotRail,PERTH,56.392691,-3.440044,ARBROATH,56.559572,-2.588931,53.0
EM_BAU_CLE,East Midlands Railway,BARTON-ON-HUMBER,53.688825,-0.443258,CLEETHORPES,53.563170,-0.029615,53.0
SR_GLC_LNK,ScotRail,GLASGOW CENT LL,55.858317,-4.259062,LANARK,55.673073,-3.772868,52.8
LE_BIS_LST,Greater Anglia,BISHOPS STORTFORD,51.866732,0.165550,LIVERPOOL STREET EL,51.517601,-0.080232,52.7
XR_PAD_RDG,Elizabeth Line,LONDON PADDINGTON,51.516445,-0.176848,READING,51.458684,-0.973708,52.7
SE_STP_MDW,Southeastern,LONDON ST PANCRAS,51.532725,-0.125734,MAIDSTONE WEST,51.269797,0.515852,52.5
SW_ROM_CFR,South Western Railway,ROMSEY,50.992696,-1.492700,CHANDLERS FORD,50.983162,-1.380262,52.5
AW_CDF_MST,Transport for Wales,CARDIFF CENTRAL,51.475239,-3.177755,MAESTEG,51.610652,-3.654960,52.4
GN_HUS_KLN,Great Northern,HUNSTANTON BUS,52.936756,0.486477,KINGS LYNN,52.754138,0.403444,52.4
SN_TBD_VIC,Southern,THREE BRIDGES,51.116922,-0.161184,LONDON VICTORIA,51.495256,-0.144559,52.2
GW_NBY_PAD,Great Western Railway,NEWBURY,51.396479,-1.322950,LONDON PADDINGTON,51.516445,-0.176848,52.2
SE_MDW_STP,Southeastern,MAIDSTONE WEST,51.269797,0.515852,LONDON ST PANCRAS,51.532725,-0.125734,52.2
SE_DFD_VIC,Southeastern,DARTFORD,51.447598,0.217618,LONDON VICTORIA,51.495256,-0.144559,52.2
LM_BSW_SAV,West Midlands Trains,BIRMINGHAM SNOW HILL,52.483579,-1.899824,STRATFORD-UPON-AVON,52.193797,-1.716145,52.2
SR_KMK_GIR,ScotRail,KILMARNOCK,55.612793,-4.498998,GIRVAN,55.246479,-4.848865,52.2
GN_MOG_HFN,Great Northern,MOORGATE,51.519563,-0.090239,HERTFORD NORTH,51.798371,-0.092984,52.2
GN_HFN_MOG,Great Northern,HERTFORD NORTH,51.798371,-0.092984,MOORGATE,51.519563,-0.090239,52.2
SR_AYR_GLC,ScotRail,AYR,55.458210,-4.626829,GLASGOW CENT LL,55.858317,-4.259062,52.1
LO_HHY_WCY,London Overground,HIGHBURY & ISLINGTON,51.545881,-0.105002,WEST CROYDON,51.378567,-0.101861,52.1
SR_INV_IGD,ScotRail,INVERNESS,57.480114,-4.223176,INVERGORDON,57.688502,-4.175531,52.0
TL_LBG_EGR,Thameslink,LONDON BRIDGE,51.505091,-0.085080,EAST GRINSTEAD,51.126272,-0.017900,52.0
GW_WMN_SWI,Great Western Railway,WARMINSTER,51.206774,-2.177450,SWINDON (WILTS),51.565481,-1.786434,52.0
NT_BIF_CNF,Northern,BARROW-IN-FURNESS,54.118702,-3.226953,CARNFORTH,54.129676,-2.771232,52.0
GW_FRO_SWI,Great Western Railway,FROME,51.227181,-2.309280,SWINDON (WILTS),51.565481,-1.786434,52.0
XR_SRA_HWV,Elizabeth Line,STRATFORD (LONDON),51.540613,-0.004275,HEATHROW TERMINAL 5,51.471414,-0.488212,52.0
AW_YST_BEO,Transport for Wales,YSTRADGYNLAIS BUS STATION,51.777304,-3.758174,BRECON BUS INTERCHANGE,51.945922,-3.386465,52.0
XR_SRA_HAF,Elizabeth Line,STRATFORD (LONDON),51.540613,-0.004275,HEATHROW TERMINAL 4,51.458266,-0.445463,52.0
AW_FGH_CMN,Transport for Wales,FISHGUARD HARBOUR,52.011541,-4.985642,CARMARTHEN,51.853267,-4.305666,52.0
VT_HWA_WFJ,Avanti West Coast,HEATHROW TERMINAL 2 BUS,51.470926,-0.450793,WATFORD JUNCTION,51.663527,-0.396517,51.9
GW_BRI_CDF,Great Western Railway,BRISTOL TEMPLE MEADS,51.449142,-2.581315,CARDIFF CENTRAL,51.475239,-3.177755,51.8
GW_XCV_OKE,Great Western Railway,TAVISTOCK BUS,50.548652,-4.146825,OKEHAMPTON,50.737521,-3.995300,51.8
NT_MCE_ASL,Northern,METROCENTRE,54.958470,-1.662661,ASHINGTON,55.181943,-1.572838,51.8
SW_WAT_SHP,South Western Railway,LONDON WATERLOO,51.501916,-0.111149,SHEPPERTON,51.397146,-0.447536,51.7
SW_WAT_DKG,South Western Railway,LONDON WATERLOO,51.501916,-0.111149,DORKING,51.241669,-0.323837,51.7
SE_TON_CHX,Southeastern,TONBRIDGE,51.191192,0.269689,LONDON CHARING CROSS,51.508415,-0.123850,51.5
EM_CLE_BAU,East Midlands Railway,CLEETHORPES,53.563170,-0.029615,BARTON-ON-HUMBER,53.688825,-0.443258,51.5
GW_OKE_XCV,Great Western Railway,OKEHAMPTON,50.737521,-3.995300,TAVISTOCK BUS,50.548652,-4.146825,51.4
CH_PRR_MYB,Chiltern Railways,PRINCES RISBOROUGH,51.717332,-0.843373,LONDON MARYLEBONE,51.522533,-0.163631,51.3
SW_ESL_PMH,South Western Railway,EASTLEIGH,50.968613,-1.350549,PORTSMOUTH HARBOUR,50.796159,-1.108891,51.3
AW_PGR_BNG,Transport for Wales,PENYGROES CO-OP,53.050502,-4.284041,BANGOR (GWYNEDD),53.222281,-4.135880,51.2
GN_WGC_MOG,Great Northern,WELWYN GARDEN CITY,51.801005,-0.203100,MOORGATE,51.519563,-0.090239,51.1
AW_CPH_BYI,Transport for Wales,CAERPHILLY,51.571942,-3.217770,BARRY ISLAND,51.392412,-3.273363,51.1
SN_HOV_BOG,Southern,HOVE,50.835586,-0.170843,BOGNOR REGIS,50.786659,-0.676388,51.0
GW_EXD_PGN,Great Western Railway,EXETER ST DAVIDS,50.729079,-3.544342,PAIGNTON,50.434724,-3.564313,51.0
LM_SAV_BMO,West Midlands Trains,STRATFORD-UPON-AVON,52.193797,-1.716145,BIRMINGHAM MOOR STREET,52.479078,-1.892473,51.0
NT_CTR_MCV,Northern,CHESTER,53.196824,-2.880120,MANCHESTER VICTORIA,53.487467,-2.242599,51.0
GW_GCR_GMV,Great Western Railway,GLOUCESTER,51.867536,-2.238135,GREAT MALVERN,52.109197,-2.318271,51.0
LO_WCY_HHY,London Overground,WEST CROYDON,51.378567,-0.101861,HIGHBURY & ISLINGTON,51.545881,-0.105002,50.9
GW_PAD_NBY,Great Western Railway,LONDON PADDINGTON,51.516445,-0.176848,NEWBURY,51.396479,-1.322950,50.8
SR_ADS_GLC,ScotRail,ARDROSSAN HARBOUR,55.640807,-4.823403,GLASGOW CENT LL,55.858317,-4.259062,50.8
SW_CLJ_WNR,South Western Railway,CLAPHAM JUNCTION,51.464186,-0.170293,WINDSOR & ETON RIVERSIDE,51.486359,-0.605821,50.8
XR_RDG_PAD,Elizabeth Line,READING,51.458684,-0.973708,LONDON PADDINGTON,51.516445,-0.176848,50.8
TP_SCA_YRK,TransPennine Express,SCARBOROUGH,54.279790,-0.405703,YORK,53.957964,-1.093182,50.7
GW_BRI_GCR,Great Western Railway,BRISTOL TEMPLE MEADS,51.449142,-2.581315,GLOUCESTER,51.867536,-2.238135,50.7
SR_CRS_GLC,ScotRail,CARSTAIRS,55.690710,-3.668666,GLASGOW CENT LL,55.858317,-4.259062,50.7
AW_CRE_SHR,Transport for Wales,CREWE,53.089623,-2.432969,SHREWSBURY,52.711393,-2.748938,50.5
NT_AWK_SHF,Northern,ADWICK,53.573001,-1.181476,SHEFFIELD,53.378646,-1.463308,50.5
SN_BAL_WFJ,Southern,BALHAM,51.443223,-0.152424,WATFORD JUNCTION,51.663527,-0.396517,50.5
LO_HHY_CLJ,London Overground,HIGHBURY & ISLINGTON,51.545881,-0.105002,CLAPHAM JUNCTION,51.464186,-0.170293,50.4
GN_CBG_KLN,Great Northern,CAMBRIDGE,52.194558,0.137553,KINGS LYNN,52.754138,0.403444,50.3
GW_RDG_SFR,Great Western Railway,READING,51.458684,-0.973708,SHALFORD (SURREY),51.214321,-0.566804,50.3
SR_LNK_GLC,ScotRail,LANARK,55.673073,-3.772868,GLASGOW CENT LL,55.858317,-4.259062,50.3
AW_SHR_CRE,Transport for Wales,SHREWSBURY,52.711393,-2.748938,CREWE,53.089623,-2.432969,50.3
SR_GLC_ADS,ScotRail,GLASGOW CENT LL,55.858317,-4.259062,ARDROSSAN HARBOUR,55.640807,-4.823403,50.3
SR_STG_EDB,ScotRail,STIRLING,56.119063,-3.934890,EDINBURGH,55.952391,-3.188228,50.2
LE_HFE_LST,Greater Anglia,HERTFORD EAST,51.799837,-0.072617,LIVERPOOL STREET EL,51.517601,-0.080232,50.2
GN_MOG_WGC,Great Northern,MOORGATE,51.519563,-0.090239,WELWYN GARDEN CITY,51.801005,-0.203100,50.0
NT_WKG_CAR,Northern,WORKINGTON,54.645140,-3.560455,CARLISLE,54.890646,-2.933815,50.0
XR_ABW_HAY,Elizabeth Line,ABBEY WOOD,51.490766,0.120314,HAYES & HARLINGTON,51.502879,-0.419452,50.0
GN_SVG_KGX,Great Northern,STEVENAGE,51.899068,-0.206458,LONDON KINGS CROSS,51.530882,-0.122926,50.0
LM_WVH_BHI,West Midlands Trains,WOLVERHAMPTON,52.587843,-2.119515,BIRMINGHAM INTERNATIONAL,52.451837,-1.724791,50.0
TL_STP_LUT,Thameslink,LONDON ST PANCRAS,51.532725,-0.125734,LUTON,51.882279,-0.414898,50.0
SW_GLD_ACT,South Western Railway,GUILDFORD,51.236968,-0.580425,ASCOT,51.406242,-0.675833,50.0
SE_CST_BNH,Southeastern,LONDON CANNON STREET,51.510577,-0.090615,BARNEHURST,51.464845,0.160865,50.0
TL_ORP_VIC,Thameslink,ORPINGTON,51.373520,0.089029,LONDON VICTORIA,51.495256,-0.144559,50.0
GW_WSM_CFN,Great Western Railway,WESTON-SUPER-MARE,51.344046,-2.971944,CLIFTON DOWN,51.464273,-2.611737,50.0
SE_CRY_BFR,Southeastern,CRAYFORD,51.448326,0.178794,LONDON BLACKFRIARS,51.510787,-0.103576,50.0
AW_CFS_PTM,Transport for Wales,CAERNARFON BUS STATION,53.139709,-4.273821,PORTHMADOG,52.930971,-4.136383,50.0
AW_BNG_PGR,Transport for Wales,BANGOR (GWYNEDD),53.222281,-4.135880,PENYGROES CO-OP,53.050502,-4.284041,50.0
NT_BBN_BPN,Northern,BLACKBURN,53.746514,-2.479122,BLACKPOOL NORTH,53.821074,-3.049618,50.0
GW_BAN_DID,Great Western Railway,BANBURY,52.060959,-1.327540,DIDCOT PARKWAY,51.610892,-1.243227,50.0
SE_CST_DFD,Southeastern,LONDON CANNON STREET,51.510577,-0.090615,DARTFORD,51.447598,0.217618,49.9
SW_WOK_HWE,South Western Railway,WOKING,51.318523,-0.557819,HEATHROW TERMINAL 3 BUS,51.469109,-0.449414,49.9
SR_EDB_STG,ScotRail,EDINBURGH,55.952391,-3.188228,STIRLING,56.119063,-3.934890,49.9
SR_GLQ_EDB,ScotRail,GLASGOW QS LL,55.862055,-4.251288,EDINBURGH,55.952391,-3.188228,49.8
AW_SWA_CMN,Transport for Wales,SWANSEA,51.625144,-3.941546,CARMARTHEN,51.853267,-4.305666,49.8
SR_EDB_GLQ,ScotRail,EDINBURGH,55.952391,-3.188228,GLASGOW QS LL,55.862055,-4.251288,49.7
GW_GCR_BRI,Great Western Railway,GLOUCESTER,51.867536,-2.238135,BRISTOL TEMPLE MEADS,51.449142,-2.581315,49.7
NT_PRE_LAN,Northern,PRESTON,53.755266,-2.708238,LANCASTER,54.048546,-2.807912,49.7
SE_DFD_CHX,Southeastern,DARTFORD,51.447598,0.217618,LONDON CHARING CROSS,51.508415,-0.123850,49.5
TL_BFR_ORP,Thameslink,LONDON BLACKFRIARS,51.510787,-0.103576,ORPINGTON,51.373520,0.089029,49.5
CH_HWY_MYB,Chiltern Railways,HIGH WYCOMBE,51.629113,-0.745929,LONDON MARYLEBONE,51.522533,-0.163631,49.3
LO_WFJ_EUS,London Overground,WATFORD JUNCTION,51.663527,-0.396517,LONDON EUSTON,51.528370,-0.134563,49.3
SE_CHX_DFD,Southeastern,LONDON CHARING CROSS,51.508415,-0.123850,DARTFORD,51.447598,0.217618,49.2
LE_LST_HFE,Greater Anglia,LIVERPOOL STREET EL,51.517601,-0.080232,HERTFORD EAST,51.799837,-0.072617,49.2
GW_WSM_BWE,Great Western Railway,WESTON-SUPER-MARE,51.344046,-2.971944,BRISTOL AIRPORT (A3 WESTON),51.383668,-2.714124,49.0
TP_LIV_SYB,TransPennine Express,LIVERPOOL LIME STREET,53.407307,-2.977726,STALYBRIDGE,53.484100,-2.064760,49.0
TL_SUO_BFR,Thameslink,SUTTON (LONDON),51.360182,-0.190241,LONDON BLACKFRIARS,51.510787,-0.103576,49.0
AW_BEO_YST,Transport for Wales,BRECON BUS INTERCHANGE,51.945922,-3.386465,YSTRADGYNLAIS BUS STATION,51.777304,-3.758174,49.0
SW_SOU_BSK,South Western Railway,SOUTHAMPTON CENTRAL,50.907799,-1.413975,BASINGSTOKE,51.268092,-1.086896,49.0
XC_CDF_BRI,CrossCountry,CARDIFF CENTRAL,51.475239,-3.177755,BRISTOL TEMPLE MEADS,51.449142,-2.581315,49.0
TP_LIV_MIA,TransPennine Express,LIVERPOOL LIME STREET,53.407307,-2.977726,MANCHESTER AIRPORT,53.361571,-2.268930,49.0
ME_MRF_CTR,Merseyrail,MOORFIELDS,53.408992,-2.991304,CHESTER,53.196824,-2.880120,49.0
SE_LBG_SEV,Southeastern,LONDON BRIDGE,51.505091,-0.085080,SEVENOAKS,51.277394,0.182167,49.0
ME_HOO_ELP,Merseyrail,HOOTON,53.296750,-2.976699,ELLESMERE PORT,53.282107,-2.895371,49.0
ME_RFY_WKI,Merseyrail,ROCK FERRY,53.371981,-3.009984,WEST KIRBY,53.373075,-3.184370,49.0
LE_SAX_LWT,Greater Anglia,SAXMUNDHAM,52.215351,1.489908,LOWESTOFT,52.473651,1.748949,49.0
SE_MAR_AFK,Southeastern,MARGATE,51.384987,1.371683,ASHFORD INTERNATIONAL,51.143732,0.873597,49.0
GW_XAZ_OKE,Great Western Railway,LAUNCESTON BUS,50.635308,-4.362907,OKEHAMPTON,50.737521,-3.995300,49.0
EM_LCN_DON,East Midlands Railway,LINCOLN,53.227105,-0.540951,DONCASTER,53.521477,-1.140236,48.9
LO_CLJ_HHY,London Overground,CLAPHAM JUNCTION,51.464186,-0.170293,HIGHBURY & ISLINGTON,51.545881,-0.105002,48.8
VT_WFJ_HWE,Avanti West Coast,WATFORD JUNCTION,51.663527,-0.396517,HEATHROW TERMINAL 3 BUS,51.469109,-0.449414,48.8
SE_FAV_RAM,Southeastern,FAVERSHAM,51.311491,0.891246,RAMSGATE,51.340823,1.405779,48.7
SR_MLN_ADR,ScotRail,MILNGAVIE,55.940859,-4.315111,AIRDRIE,55.863977,-3.982912,48.7
SN_SUO_VIC,Southern,SUTTON (LONDON),51.360182,-0.190241,LONDON VICTORIA,51.495256,-0.144559,48.6
SR_ADR_MLN,ScotRail,AIRDRIE,55.863977,-3.982912,MILNGAVIE,55.940859,-4.315111,48.5
GW_WSB_BRI,Great Western Railway,WESTBURY,51.266984,-2.199182,BRISTOL TEMPLE MEADS,51.449142,-2.581315,48.5
SW_SNS_RDG,South Western Railway,STAINES,51.432930,-0.502430,READING,51.458684,-0.973708,48.4
EM_NOT_LEI,East Midlands Railway,NOTTINGHAM,52.948012,-1.145694,LEICESTER,52.631423,-1.125275,48.3
SW_TWI_WAT,South Western Railway,TWICKENHAM,51.450372,-0.329158,LONDON WATERLOO,51.501916,-0.111149,48.2
SR_GLC_KMK,ScotRail,GLASGOW CENT LL,55.858317,-4.259062,KILMARNOCK,55.612793,-4.498998,48.2
SW_SOU_BMH,South Western Railway,SOUTHAMPTON CENTRAL,50.907799,-1.413975,BOURNEMOUTH,50.727541,-1.863935,48.2
SN_VIC_GTW,Southern,LONDON VICTORIA,51.495256,-0.144559,GATWICK AIRPORT,51.156489,-0.161042,48.1
AW_EBB_NWP,Transport for Wales,EBBW VALE TOWN,51.782453,-3.207485,NEWPORT (SOUTH WALES),51.595589,-2.998961,48.0
TP_PRE_LIV,TransPennine Express,PRESTON,53.755266,-2.708238,LIVERPOOL LIME STREET,53.407307,-2.977726,48.0
GW_BWE_WSM,Great Western Railway,BRISTOL AIRPORT (A3 WESTON),51.383668,-2.714124,WESTON-SUPER-MARE,51.344046,-2.971944,48.0
TL_ORP_BFR,Thameslink,ORPINGTON,51.373520,0.089029,LONDON BLACKFRIARS,51.510787,-0.103576,48.0
SN_AFK_HGS,Southern,ASHFORD INTERNATIONAL,51.143732,0.873597,HASTINGS,50.858359,0.576057,48.0
TP_YRK_SCA,TransPennine Express,YORK,53.957964,-1.093182,SCARBOROUGH,54.279790,-0.405703,48.0
LE_CMB_BIS,Greater Anglia,CAMBRIDGE NORTH,52.224758,0.158038,BISHOPS STORTFORD,51.866732,0.165550,48.0
SR_EDB_ADR,ScotRail,EDINBURGH,55.952391,-3.188228,AIRDRIE,55.863977,-3.982912,48.0
SR_SHS_EDB,ScotRail,SHOTTS,55.818259,-3.800217,EDINBURGH,55.952391,-3.188228,48.0
GW_DID_BAN,Great Western Railway,DIDCOT PARKWAY,51.610892,-1.243227,BANBURY,52.060959,-1.327540,48.0
EM_DON_LCN,East Midlands Railway,DONCASTER,53.521477,-1.140236,LINCOLN,53.227105,-0.540951,48.0
LE_LST_SSD,Greater Anglia,LIVERPOOL STREET EL,51.517601,-0.080232,STANSTED AIRPORT,51.890222,0.301838,47.9
GW_PGN_EXD,Great Western Railway,PAIGNTON,50.434724,-3.564313,EXETER ST DAVIDS,50.729079,-3.544342,47.8
NT_WGN_LIV,Northern,WIGAN NORTH WESTERN,53.543566,-2.632261,LIVERPOOL LIME STREET,53.407307,-2.977726,47.8
GW_NQY_PAR,Great Western Railway,NEWQUAY,50.415367,-5.075531,PAR,50.355325,-4.704675,47.8
GW_BRI_WSB,Great Western Railway,BRISTOL TEMPLE MEADS,51.449142,-2.581315,WESTBURY,51.266984,-2.199182,47.8
SR_ASB_GLC,ScotRail,ARDROSSAN SOUTH BEACH,55.640455,-4.799538,GLASGOW CENT LL,55.858317,-4.259062,47.8
NT_LIV_WGN,Northern,LIVERPOOL LIME STREET,53.407307,-2.977726,WIGAN NORTH WESTERN,53.543566,-2.632261,47.7
CH_SAV_BAN,Chiltern Railways,STRATFORD-UPON-AVON,52.193797,-1.716145,BANBURY,52.060959,-1.327540,47.7
SW_WAT_TWI,South Western Railway,LONDON WATERLOO,51.501916,-0.111149,TWICKENHAM,51.450372,-0.329158,47.5
LO_EUS_WFJ,London Overground,LONDON EUSTON,51.528370,-0.134563,WATFORD JUNCTION,51.663527,-0.396517,47.5
SN_VIC_SUO,Southern,LONDON VICTORIA,51.495256,-0.144559,SUTTON (LONDON),51.360182,-0.190241,47.4
SN_BTN_LIT,Southern,BRIGHTON,50.829722,-0.141252,LITTLEHAMPTON,50.810294,-0.546557,47.3
SW_PMH_ESL,South Western Railway,PORTSMOUTH HARBOUR,50.796159,-1.108891,EASTLEIGH,50.968613,-1.350549,47.3
GW_PAR_NQY,Great Western Railway,PAR,50.355325,-4.704675,NEWQUAY,50.415367,-5.075531,47.3
SN_CAT_LBG,Southern,CATERHAM,51.282863,-0.078564,LONDON BRIDGE,51.505091,-0.085080,47.1
SR_MTS_ABD,ScotRail,MONTROSE,56.712797,-2.472074,ABERDEEN,57.143057,-2.097477,47.1
LE_SSD_LST,Greater Anglia,STANSTED AIRPORT,51.890222,0.301838,LIVERPOOL STREET EL,51.517601,-0.080232,47.1
SE_PDW_SOO,Southeastern,PADDOCK WOOD,51.182511,0.389462,STROOD (KENT),51.396052,0.499772,47.0
LE_WTM_LST,Greater Anglia,WITHAM,51.805746,0.641337,LIVERPOOL STREET EL,51.517601,-0.080232,47.0
LO_DLJ_WCY,London Overground,DALSTON JUNCTION,51.544513,-0.076215,WEST CROYDON,51.378567,-0.101861,47.0
LE_CHM_LST,Greater Anglia,CHELMSFORD,51.736644,0.469282,LIVERPOOL STREET EL,51.517601,-0.080232,47.0
NT_MAN_GLO,Northern,MANCHESTER PICCADILLY,53.476707,-2.228978,GLOSSOP,53.444558,-1.948773,47.0
SR_HYN_MTH,ScotRail,HYNDLAND,55.879753,-4.314668,MOTHERWELL,55.791883,-3.995197,47.0
SN_REI_VIC,Southern,REIGATE,51.241682,-0.203492,LONDON VICTORIA,51.495256,-0.144559,46.9
SE_SOO_PDW,Southeastern,STROOD (KENT),51.396052,0.499772,PADDOCK WOOD,51.182511,0.389462,46.9
GR_DAR_CGT,LNER,DARLINGTON,54.520446,-1.547324,CATTERICK GARRISON BUS,54.374491,-1.724419,46.8
LE_LST_WTM,Greater Anglia,LIVERPOOL STREET EL,51.517601,-0.080232,WITHAM,51.805746,0.641337,46.8
AW_NWP_EBB,Transport for Wales,NEWPORT (SOUTH WALES),51.595589,-2.998961,EBBW VALE TOWN,51.782453,-3.207485,46.7
SW_SNS_WAT,South Western Railway,STAINES,51.432930,-0.502430,LONDON WATERLOO,51.501916,-0.111149,46.7
GW_SWI_GCR,Great Western Railway,SWINDON (WILTS),51.565481,-1.786434,GLOUCESTER,51.867536,-2.238135,46.7
SR_KMK_GLC,ScotRail,KILMARNOCK,55.612793,-4.498998,GLASGOW CENT LL,55.858317,-4.259062,46.6
CC_LES_FST,c2c,LEIGH-ON-SEA,51.541361,0.640416,LONDON FENCHURCH STREET,51.511287,-0.079056,46.5
CH_MYB_HWY,Chiltern Railways,LONDON MARYLEBONE,51.522533,-0.163631,HIGH WYCOMBE,51.629113,-0.745929,46.5
SE_CHX_HYS,Southeastern,LONDON CHARING CROSS,51.508415,-0.123850,HAYES (KENT),51.375800,0.010102,46.1
SN_HRH_BOG,Southern,HORSHAM,51.066236,-0.318764,BOGNOR REGIS,50.786659,-0.676388,46.1
SR_ELG_INV,ScotRail,ELGIN,57.642913,-3.311631,INVERNESS,57.480114,-4.223176,46.1
ME_LVC_SOP,Merseyrail,LIVERPOOL CENTRAL,53.404598,-2.979168,SOUTHPORT,53.647098,-3.002933,46.1
SN_VIC_REI,Southern,LONDON VICTORIA,51.495256,-0.144559,REIGATE,51.241682,-0.203492,46.0
ME_SOP_LVC,Merseyrail,SOUTHPORT,53.647098,-3.002933,LIVERPOOL CENTRAL,53.404598,-2.979168,46.0
SN_UCK_OXT,Southern,UCKFIELD,50.968717,0.095027,OXTED,51.257354,-0.005101,46.0
NT_ASL_MCE,Northern,ASHINGTON,55.181943,-1.572838,METROCENTRE,54.958470,-1.662661,46.0
SN_HGS_AFK,Southern,HASTINGS,50.858359,0.576057,ASHFORD INTERNATIONAL,51.143732,0.873597,46.0
EM_SLR_NOT,East Midlands Railway,SLEAFORD,52.995290,-0.410205,NOTTINGHAM,52.948012,-1.145694,46.0
AW_CDF_BGD,Transport for Wales,CARDIFF CENTRAL,51.475239,-3.177755,BARGOED,51.692307,-3.229680,46.0
CH_LMS_BSW,Chiltern Railways,LEAMINGTON SPA,52.284931,-1.536718,BIRMINGHAM SNOW HILL,52.483579,-1.899824,46.0
SN_OXT_UCK,Southern,OXTED,51.257354,-0.005101,UCKFIELD,50.968717,0.095027,46.0
SR_ALO_GLQ,ScotRail,ALLOA,56.117653,-3.790049,GLASGOW QS LL,55.862055,-4.251288,45.9
SR_INV_ELG,ScotRail,INVERNESS,57.480114,-4.223176,ELGIN,57.642913,-3.311631,45.9
SR_GRK_GLC,ScotRail,GOUROCK,55.962737,-4.817970,GLASGOW CENT LL,55.858317,-4.259062,45.8
AW_CTR_LIV,Transport for Wales,CHESTER,53.196824,-2.880120,LIVERPOOL LIME STREET,53.407307,-2.977726,45.8
GW_GSL_PLY,Great Western Railway,GUNNISLAKE,50.517595,-4.220182,PLYMOUTH,50.377826,-4.143320,45.8
GW_PLY_GSL,Great Western Railway,PLYMOUTH,50.377826,-4.143320,GUNNISLAKE,50.517595,-4.220182,45.8
SR_GLC_ASB,ScotRail,GLASGOW CENT LL,55.858317,-4.259062,ARDROSSAN SOUTH BEACH,55.640455,-4.799538,45.8
GW_EXC_OKE,Great Western Railway,EXETER CENTRAL,50.726532,-3.532924,OKEHAMPTON,50.737521,-3.995300,45.7
AW_CMN_SWA,Transport for Wales,CARMARTHEN,51.853267,-4.305666,SWANSEA,51.625144,-3.941546,45.7
NT_RET_SHF,Northern,RETFORD,53.315888,-0.947731,SHEFFIELD,53.378646,-1.463308,45.7
LM_WOF_BHM,West Midlands Trains,WORCESTER FOREGATE STREET,52.194829,-2.220863,BIRMINGHAM NEW STREET,52.478184,-1.898364,45.6
GW_CMN_SWA,Great Western Railway,CARMARTHEN,51.853267,-4.305666,SWANSEA,51.625144,-3.941546,45.5
LM_WOS_HFD,West Midlands Trains,WORCESTER SHRUB HILL,52.194848,-2.210623,HEREFORD,52.060743,-2.708831,45.5
TP_LIV_PRE,TransPennine Express,LIVERPOOL LIME STREET,53.407307,-2.977726,PRESTON,53.755266,-2.708238,45.5
LO_WCY_DLJ,London Overground,WEST CROYDON,51.378567,-0.101861,DALSTON JUNCTION,51.544513,-0.076215,45.5
NT_LDS_KNA,Northern,LEEDS,53.795162,-1.549093,KNARESBOROUGH,54.008753,-1.470496,45.4
TL_DFD_RAI,Thameslink,DARTFORD,51.447598,0.217618,RAINHAM (KENT),51.366630,0.611672,45.3
LE_CMR_NRW,Greater Anglia,CROMER,52.930625,1.292717,NORWICH,52.627152,1.306820,45.3
LM_HFD_WOS,West Midlands Trains,HEREFORD,52.060743,-2.708831,WORCESTER SHRUB HILL,52.194848,-2.210623,45.2
GW_PAD_RDG,Great Western Railway,LONDON PADDINGTON,51.516445,-0.176848,READING,51.458684,-0.973708,45.2
NT_HUL_BDT,Northern,HULL,53.743271,-0.347231,BRIDLINGTON,54.084546,-0.200690,45.2
SN_EPS_VIC,Southern,EPSOM,51.334391,-0.268778,LONDON VICTORIA,51.495256,-0.144559,45.1
SR_GLQ_ALO,ScotRail,GLASGOW QS LL,55.862055,-4.251288,ALLOA,56.117653,-3.790049,45.1
GW_RDG_PAD,Great Western Railway,READING,51.458684,-0.973708,LONDON PADDINGTON,51.516445,-0.176848,45.1
GW_GCR_SWI,Great Western Railway,GLOUCESTER,51.867536,-2.238135,SWINDON (WILTS),51.565481,-1.786434,45.0
LO_BAK_HHY,London Overground,BATTERSEA PARK,51.477328,-0.148167,HIGHBURY & ISLINGTON,51.545881,-0.105002,45.0
SW_RDG_SNS,South Western Railway,READING,51.458684,-0.973708,STAINES,51.432930,-0.502430,45.0
LM_LOB_FOK,West Midlands Trains,LONGBRIDGE,52.396416,-1.980851,FOUR OAKS,52.579687,-1.827294,45.0
LM_NMP_MKC,West Midlands Trains,NORTHAMPTON,52.236734,-0.907536,MILTON KEYNES CENTRAL,52.034039,-0.775450,45.0
AW_BYC_CEN,Transport for Wales,BETWS-Y-COED,53.092065,-3.800861,CORWEN BUS STATION,52.979985,-3.374665,45.0
GW_OKE_XAZ,Great Western Railway,OKEHAMPTON,50.737521,-3.995300,LAUNCESTON BUS,50.635308,-4.362907,45.0
NT_HFX_HUD,Northern,HALIFAX,53.720421,-1.854486,HUDDERSFIELD,53.648412,-1.785145,45.0
NT_KNA_LDS,Northern,KNARESBOROUGH,54.008753,-1.470496,LEEDS,53.795162,-1.549093,45.0
TP_YRK_DAR,TransPennine Express,YORK,53.957964,-1.093182,DARLINGTON,54.520446,-1.547324,45.0
TL_RAI_DFD,Thameslink,RAINHAM (KENT),51.366630,0.611672,DARTFORD,51.447598,0.217618,45.0
SE_BNH_VIC,Southeastern,BARNEHURST,51.464845,0.160865,LONDON VICTORIA,51.495256,-0.144559,45.0
LO_DLJ_CLJ,London Overground,DALSTON JUNCTION,51.544513,-0.076215,CLAPHAM JUNCTION,51.464186,-0.170293,44.8
GW_SWA_CMN,Great Western Railway,SWANSEA,51.625144,-3.941546,CARMARTHEN,51.853267,-4.305666,44.8
GR_CGT_DAR,LNER,CATTERICK GARRISON BUS,54.374491,-1.724419,DARLINGTON,54.520446,-1.547324,44.7
SN_VIC_WCY,Southern,LONDON VICTORIA,51.495256,-0.144559,WEST CROYDON,51.378567,-0.101861,44.7
AW_BGD_CDF,Transport for Wales,BARGOED,51.692307,-3.229680,CARDIFF CENTRAL,51.475239,-3.177755,44.7
LO_WIJ_SRA,London Overground,WILLESDEN JUNCTION,51.530958,-0.244030,STRATFORD (LONDON),51.540613,-0.004275,44.7
SE_DVP_FAV,Southeastern,DOVER PRIORY,51.126054,1.304175,FAVERSHAM,51.311491,0.891246,44.6
SR_ABD_MTS,ScotRail,ABERDEEN,57.143057,-2.097477,MONTROSE,56.712797,-2.472074,44.6
NT_SHF_RET,Northern,SHEFFIELD,53.378646,-1.463308,RETFORD,53.315888,-0.947731,44.6
SN_LBG_CAT,Southern,LONDON BRIDGE,51.505091,-0.085080,CATERHAM,51.282863,-0.078564,44.5
TL_HIT_KGX,Thameslink,HITCHIN,51.952961,-0.262518,LONDON KINGS CROSS,51.530882,-0.122926,44.5
SE_HYS_CHX,Southeastern,HAYES (KENT),51.375800,0.010102,LONDON CHARING CROSS,51.508415,-0.123850,44.5
SN_LIT_BTN,Southern,LITTLEHAMPTON,50.810294,-0.546557,BRIGHTON,50.829722,-0.141252,44.3
NT_BDT_HUL,Northern,BRIDLINGTON,54.084546,-0.200690,HULL,53.743271,-0.347231,44.2
SR_EDB_COW,ScotRail,EDINBURGH,55.952391,-3.188228,COWDENBEATH,56.111629,-3.344295,44.2
SE_TON_CST,Southeastern,TONBRIDGE,51.191192,0.269689,LONDON CANNON STREET,51.510577,-0.090615,44.0
TL_LBG_TBD,Thameslink,LONDON BRIDGE,51.505091,-0.085080,THREE BRIDGES,51.116922,-0.161184,44.0
SN_EBN_HHE,Southern,EASTBOURNE,50.769149,0.281817,HAYWARDS HEATH,51.005421,-0.105730,44.0
GW_OXF_RDG,Great Western Railway,OXFORD,51.753133,-1.271275,READING,51.458684,-0.973708,44.0
NT_MCO_WGN,Northern,MANCHESTER OXFORD ROAD,53.473984,-2.242522,WIGAN NORTH WESTERN,53.543566,-2.632261,44.0
NT_WGW_MCV,Northern,WIGAN WALLGATE,53.545356,-2.633797,MANCHESTER VICTORIA,53.487467,-2.242599,44.0
SR_FKG_GLQ,ScotRail,FALKIRK GRAHAMSTON,56.002683,-3.786332,GLASGOW QS LL,55.862055,-4.251288,43.9
NT_DON_LDS,Northern,DONCASTER,53.521477,-1.140236,LEEDS,53.795162,-1.549093,43.9
SR_GLC_GRK,ScotRail,GLASGOW CENT LL,55.858317,-4.259062,GOUROCK,55.962737,-4.817970,43.9
ME_CTR_LVC,Merseyrail,CHESTER,53.196824,-2.880120,LIVERPOOL CENTRAL,53.404598,-2.979168,43.9
LM_CRE_LIV,West Midlands Trains,CREWE,53.089623,-2.432969,LIVERPOOL LIME STREET,53.407307,-2.977726,43.7
SN_LBG_EPS,Southern,LONDON BRIDGE,51.505091,-0.085080,EPSOM,51.334391,-0.268778,43.6
AW_LIV_CTR,Transport for Wales,LIVERPOOL LIME STREET,53.407307,-2.977726,CHESTER,53.196824,-2.880120,43.6
SE_ORP_VIC,Southeastern,ORPINGTON,51.373520,0.089029,LONDON VICTORIA,51.495256,-0.144559,43.6
NT_LDS_DON,Northern,LEEDS,53.795162,-1.549093,DONCASTER,53.521477,-1.140236,43.6
SE_HYS_CST,Southeastern,HAYES (KENT),51.375800,0.010102,LONDON CANNON STREET,51.510577,-0.090615,43.5
GN_WGC_KGX,Great Northern,WELWYN GARDEN CITY,51.801005,-0.203100,LONDON KINGS CROSS,51.530882,-0.122926,43.5
CH_MYB_PRR,Chiltern Railways,LONDON MARYLEBONE,51.522533,-0.163631,PRINCES RISBOROUGH,51.717332,-0.843373,43.5
GW_WSB_SWI,Great Western Railway,WESTBURY,51.266984,-2.199182,SWINDON (WILTS),51.565481,-1.786434,43.5
LM_BHM_WOF,West Midlands Trains,BIRMINGHAM NEW STREET,52.478184,-1.898364,WORCESTER FOREGATE STREET,52.194829,-2.220863,43.3
SE_FAV_DVP,Southeastern,FAVERSHAM,51.311491,0.891246,DOVER PRIORY,51.126054,1.304175,43.2
GW_SVB_BRI,Great Western Railway,SEVERN BEACH,51.559294,-2.664942,BRISTOL TEMPLE MEADS,51.449142,-2.581315,43.2
NT_HEX_NCL,Northern,HEXHAM,54.974176,-2.095265,NEWCASTLE,54.968221,-1.617282,43.1
SN_EPS_LBG,Southern,EPSOM,51.334391,-0.268778,LONDON BRIDGE,51.505091,-0.085080,43.1
SN_LBG_BKJ,Southern,LONDON BRIDGE,51.505091,-0.085080,BECKENHAM JUNCTION,51.411506,-0.027159,43.0
SN_EBN_BTN,Southern,EASTBOURNE,50.769149,0.281817,BRIGHTON,50.829722,-0.141252,43.0
LO_HHY_CYP,London Overground,HIGHBURY & ISLINGTON,51.545881,-0.105002,CRYSTAL PALACE,51.417663,-0.072916,43.0
CH_BSW_LMS,Chiltern Railways,BIRMINGHAM SNOW HILL,52.483579,-1.899824,LEAMINGTON SPA,52.284931,-1.536718,43.0
SE_RAM_FAV,Southeastern,RAMSGATE,51.340823,1.405779,FAVERSHAM,51.311491,0.891246,43.0
SE_LBG_DFD,Southeastern,LONDON BRIDGE,51.505091,-0.085080,DARTFORD,51.447598,0.217618,43.0
SR_OBN_DAL,ScotRail,OBAN,56.411698,-5.473779,DALMALLY,56.400209,-4.983151,43.0
LM_BSW_LMS,West Midlands Trains,BIRMINGHAM SNOW HILL,52.483579,-1.899824,LEAMINGTON SPA,52.284931,-1.536718,43.0
GW_SWI_BRI,Great Western Railway,SWINDON (WILTS),51.565481,-1.786434,BRISTOL TEMPLE MEADS,51.449142,-2.581315,43.0
LO_DLJ_BAK,London Overground,DALSTON JUNCTION,51.544513,-0.076215,BATTERSEA PARK,51.477328,-0.148167,43.0
NT_HUD_LDS,Northern,HUDDERSFIELD,53.648412,-1.785145,LEEDS,53.795162,-1.549093,43.0
LM_CRE_STA,West Midlands Trains,CREWE,53.089623,-2.432969,STAFFORD,52.804490,-2.123076,42.9
LE_LWT_NRW,Greater Anglia,LOWESTOFT,52.473651,1.748949,NORWICH,52.627152,1.306820,42.9
SR_GLQ_FKG,ScotRail,GLASGOW QS LL,55.862055,-4.251288,FALKIRK GRAHAMSTON,56.002683,-3.786332,42.9
GW_OKE_EXC,Great Western Railway,OKEHAMPTON,50.737521,-3.995300,EXETER CENTRAL,50.726532,-3.532924,42.8
GN_KGX_HFN,Great Northern,LONDON KINGS CROSS,51.530882,-0.122926,HERTFORD NORTH,51.798371,-0.092984,42.8
SR_COW_EDB,ScotRail,COWDENBEATH,56.111629,-3.344295,EDINBURGH,55.952391,-3.188228,42.7
LO_CYP_HHY,London Overground,CRYSTAL PALACE,51.417663,-0.072916,HIGHBURY & ISLINGTON,51.545881,-0.105002,42.7
SN_BTN_EBN,Southern,BRIGHTON,50.829722,-0.141252,EASTBOURNE,50.769149,0.281817,42.6
LO_CLJ_DLJ,London Overground,CLAPHAM JUNCTION,51.464186,-0.170293,DALSTON JUNCTION,51.544513,-0.076215,42.6
SE_SGR_CST,Southeastern,SLADE GREEN,51.467007,0.189763,LONDON CANNON STREET,51.510577,-0.090615,42.6
SN_CLJ_WFJ,Southern,CLAPHAM JUNCTION,51.464186,-0.170293,WATFORD JUNCTION,51.663527,-0.396517,42.6
SN_ECR_LBG,Southern,EAST CROYDON,51.375731,-0.093357,LONDON BRIDGE,51.505091,-0.085080,42.5
SN_LBG_SUO,Southern,LONDON BRIDGE,51.505091,-0.085080,SUTTON (LONDON),51.360182,-0.190241,42.5
LM_EUS_SAA,West Midlands Trains,LONDON EUSTON,51.528370,-0.134563,ST ALBANS ABBEY,51.744611,-0.342950,42.5
LO_SRA_WIJ,London Overground,STRATFORD (LONDON),51.540613,-0.004275,WILLESDEN JUNCTION,51.530958,-0.244030,42.5
NT_HPL_DAR,Northern,HARTLEPOOL,54.686754,-1.207316,DARLINGTON,54.520446,-1.547324,42.5
NT_SKI_LDS,Northern,SKIPTON,53.958685,-2.025872,LEEDS,53.795162,-1.549093,42.4
EM_MSW_NOT,East Midlands Railway,MANSFIELD WOODHOUSE,53.161435,-1.199794,NOTTINGHAM,52.948012,-1.145694,42.4
NT_NCL_HEX,Northern,NEWCASTLE,54.968221,-1.617282,HEXHAM,54.974176,-2.095265,42.4
NT_MCO_WAC,Northern,MANCHESTER OXFORD ROAD,53.473984,-2.242522,WARRINGTON CENTRAL,53.391863,-2.592417,42.3
NT_WML_MAN,Northern,WILMSLOW,53.326605,-2.225170,MANCHESTER PICCADILLY,53.476707,-2.228978,42.3
XR_SNF_LST,Elizabeth Line,SHENFIELD,51.630663,0.330577,LIVERPOOL STREET EL,51.517601,-0.080232,42.3
NT_LDS_SKI,Northern,LEEDS,53.795162,-1.549093,SKIPTON,53.958685,-2.025872,42.3
GW_GCR_WOF,Great Western Railway,GLOUCESTER,51.867536,-2.238135,WORCESTER FOREGATE STREET,52.194829,-2.220863,42.2
GW_SWI_WSB,Great Western Railway,SWINDON (WILTS),51.565481,-1.786434,WESTBURY,51.266984,-2.199182,42.2
LE_NRW_LWT,Greater Anglia,NORWICH,52.627152,1.306820,LOWESTOFT,52.473651,1.748949,42.1
LM_BLY_BDM,West Midlands Trains,BLETCHLEY,51.994973,-0.737190,BEDFORD,52.136683,-0.478943,42.1
XR_GDP_PAD,Elizabeth Line,GIDEA PARK,51.581823,0.205383,LONDON PADDINGTON,51.516445,-0.176848,42.0
SE_VIC_ORP,Southeastern,LONDON VICTORIA,51.495256,-0.144559,ORPINGTON,51.373520,0.089029,42.0
TL_BFR_SAC,Thameslink,LONDON BLACKFRIARS,51.510787,-0.103576,ST ALBANS CITY,51.748879,-0.326858,42.0
LM_RUG_BHM,West Midlands Trains,RUGBY,52.378752,-1.249271,BIRMINGHAM NEW STREET,52.478184,-1.898364,42.0
LE_SMN_SNF,Greater Anglia,SOUTHMINSTER,51.660924,0.835356,SHENFIELD,51.630663,0.330577,42.0
SE_BNH_CHX,Southeastern,BARNEHURST,51.464845,0.160865,LONDON CHARING CROSS,51.508415,-0.123850,42.0
LM_LIV_CRE,West Midlands Trains,LIVERPOOL LIME STREET,53.407307,-2.977726,CREWE,53.089623,-2.432969,42.0
NT_MIA_MAN,Northern,MANCHESTER AIRPORT,53.361571,-2.268930,MANCHESTER PICCADILLY,53.476707,-2.228978,42.0
SW_FRO_SAL,South Western Railway,FROME,51.227181,-2.309280,SALISBURY,51.070968,-1.805843,42.0
SR_DAL_OBN,ScotRail,DALMALLY,56.400209,-4.983151,OBAN,56.411698,-5.473779,42.0
EM_MMO_KET,East Midlands Railway,MELTON MOWBRAY,52.760667,-0.885582,KETTERING,52.393214,-0.731734,42.0
NT_HFX_LDS,Northern,HALIFAX,53.720421,-1.854486,LEEDS,53.795162,-1.549093,41.9
NT_WAC_LIV,Northern,WARRINGTON CENTRAL,53.391863,-2.592417,LIVERPOOL LIME STREET,53.407307,-2.977726,41.9
SW_GLD_WIM,South Western Railway,GUILDFORD,51.236968,-0.580425,WIMBLEDON,51.421582,-0.206515,41.9
NT_LDS_HFX,Northern,LEEDS,53.795162,-1.549093,HALIFAX,53.720421,-1.854486,41.8
GW_RDG_BDW,Great Western Railway,READING,51.458684,-0.973708,BEDWYN,51.379765,-1.599072,41.7
LE_NRW_IPS,Greater Anglia,NORWICH,52.627152,1.306820,IPSWICH,52.050591,1.144426,41.7
SW_POO_BCU,South Western Railway,POOLE,50.718626,-1.982949,BROCKENHURST,50.816769,-1.574099,41.3
GW_BDW_RDG,Great Western Railway,BEDWYN,51.379765,-1.599072,READING,51.458684,-0.973708,41.3
LM_STA_CRE,West Midlands Trains,STAFFORD,52.804490,-2.123076,CREWE,53.089623,-2.432969,41.3
SN_LBG_ECR,Southern,LONDON BRIDGE,51.505091,-0.085080,EAST CROYDON,51.375731,-0.093357,41.3
GN_KGX_WGC,Great Northern,LONDON KINGS CROSS,51.530882,-0.122926,WELWYN GARDEN CITY,51.801005,-0.203100,41.2
LM_BDM_BLY,West Midlands Trains,BEDFORD,52.136683,-0.478943,BLETCHLEY,51.994973,-0.737190,41.2
AW_CMN_TEN,Transport for Wales,CARMARTHEN,51.853267,-4.305666,TENBY,51.672930,-4.707274,41.2
XR_LST_SNF,Elizabeth Line,LIVERPOOL STREET EL,51.517601,-0.080232,SHENFIELD,51.630663,0.330577,41.1
SW_BSK_SAL,South Western Railway,BASINGSTOKE,51.268092,-1.086896,SALISBURY,51.070968,-1.805843,41.0
SE_CST_TON,Southeastern,LONDON CANNON STREET,51.510577,-0.090615,TONBRIDGE,51.191192,0.269689,41.0
XR_PAD_GDP,Elizabeth Line,LONDON PADDINGTON,51.516445,-0.176848,GIDEA PARK,51.581823,0.205383,41.0
TP_MAN_HUD,TransPennine Express,MANCHESTER PICCADILLY,53.476707,-2.228978,HUDDERSFIELD,53.648412,-1.785145,41.0
TL_BFR_SUO,Thameslink,LONDON BLACKFRIARS,51.510787,-0.103576,SUTTON (LONDON),51.360182,-0.190241,41.0
NT_BPN_WGN,Northern,BLACKPOOL NORTH,53.821074,-3.049618,WIGAN NORTH WESTERN,53.543566,-2.632261,41.0
SW_AXM_EXD,South Western Railway,AXMINSTER,50.779037,-3.005569,EXETER ST DAVIDS,50.729079,-3.544342,41.0
SN_PUR_LBG,Southern,PURLEY,51.337390,-0.113612,LONDON BRIDGE,51.505091,-0.085080,41.0
EM_GRA_NOT,East Midlands Railway,GRANTHAM,52.906471,-0.642450,NOTTINGHAM,52.948012,-1.145694,41.0
SW_ROM_RDB,South Western Railway,ROMSEY,50.992696,-1.492700,REDBRIDGE,50.919760,-1.470731,41.0
NT_HDF_MAN,Northern,HADFIELD,53.460743,-1.965320,MANCHESTER PICCADILLY,53.476707,-2.228978,40.9
NT_KNO_LDS,Northern,KNOTTINGLEY,53.706536,-1.259178,LEEDS,53.795162,-1.549093,40.9
LM_WOS_BHM,West Midlands Trains,WORCESTER SHRUB HILL,52.194848,-2.210623,BIRMINGHAM NEW STREET,52.478184,-1.898364,40.8
SE_CRY_CST,Southeastern,CRAYFORD,51.448326,0.178794,LONDON CANNON STREET,51.510577,-0.090615,40.8
SN_WCY_VIC,Southern,WEST CROYDON,51.378567,-0.101861,LONDON VICTORIA,51.495256,-0.144559,40.7
SW_WOK_AON,South Western Railway,WOKING,51.318523,-0.557819,ALTON,51.152001,-0.967656,40.7
AW_TEN_CMN,Transport for Wales,TENBY,51.672930,-4.707274,CARMARTHEN,51.853267,-4.305666,40.6
SE_CRY_CHX,Southeastern,CRAYFORD,51.448326,0.178794,LONDON CHARING CROSS,51.508415,-0.123850,40.5
NT_MAN_CLY,Northern,MANCHESTER PICCADILLY,53.476707,-2.228978,CHINLEY,53.340289,-1.944391,40.5
SN_BTN_SEF,Southern,BRIGHTON,50.829722,-0.141252,SEAFORD,50.772558,0.100433,40.5
SN_VIC_EPS,Southern,LONDON VICTORIA,51.495256,-0.144559,EPSOM,51.334391,-0.268778,40.4
LM_LTV_BHM,West Midlands Trains,LICHFIELD TRENT VALLEY,52.687522,-1.800241,BIRMINGHAM NEW STREET,52.478184,-1.898364,40.3
SN_WFJ_CLJ,Southern,WATFORD JUNCTION,51.663527,-0.396517,CLAPHAM JUNCTION,51.464186,-0.170293,40.3
GW_BRI_SVB,Great Western Railway,BRISTOL TEMPLE MEADS,51.449142,-2.581315,SEVERN BEACH,51.559294,-2.664942,40.2
LO_BAK_DLJ,London Overground,BATTERSEA PARK,51.477328,-0.148167,DALSTON JUNCTION,51.544513,-0.076215,40.2
ME_ELP_LVC,Merseyrail,ELLESMERE PORT,53.282107,-2.895371,LIVERPOOL CENTRAL,53.404598,-2.979168,40.2
LM_BHM_WOS,West Midlands Trains,BIRMINGHAM NEW STREET,52.478184,-1.898364,WORCESTER SHRUB HILL,52.194848,-2.210623,40.1
NT_DON_SHF,Northern,DONCASTER,53.521477,-1.140236,SHEFFIELD,53.378646,-1.463308,40.0
SW_LYP_YMH,South Western Railway,LYMINGTON PIER,50.758145,-1.529264,YARMOUTH IOW,50.707664,-1.500029,40.0
NT_HUD_HFX,Northern,HUDDERSFIELD,53.648412,-1.785145,HALIFAX,53.720421,-1.854486,40.0
SN_BAA_PMH,Southern,BARNHAM,50.831201,-0.639629,PORTSMOUTH HARBOUR,50.796159,-1.108891,40.0
TL_GLM_DFD,Thameslink,GILLINGHAM (KENT),51.386884,0.549580,DARTFORD,51.447598,0.217618,40.0
NT_WGW_BON,Northern,WIGAN WALLGATE,53.545356,-2.633797,BOLTON,53.574142,-2.425825,40.0
NT_BON_WGW,Northern,BOLTON,53.574142,-2.425825,WIGAN WALLGATE,53.545356,-2.633797,40.0
SR_HYM_NBW,ScotRail,HAYMARKET,55.945806,-3.218449,NORTH BERWICK,56.057494,-2.728984,40.0
SE_CST_HYS,Southeastern,LONDON CANNON STREET,51.510577,-0.090615,HAYES (KENT),51.375800,0.010102,40.0
TL_HUN_PBO,Thameslink,HUNTINGDON,52.328647,-0.192068,PETERBOROUGH,52.574974,-0.249837,40.0
NT_GOO_HUL,Northern,GOOLE,53.704424,-0.872924,HULL,53.743271,-0.347231,40.0
NT_LAN_PRE,Northern,LANCASTER,54.048546,-2.807912,PRESTON,53.755266,-2.708238,40.0
SW_YMH_LYP,South Western Railway,YARMOUTH IOW,50.707664,-1.500029,LYMINGTON PIER,50.758145,-1.529264,40.0
TL_PBO_HUN,Thameslink,PETERBOROUGH,52.574974,-0.249837,HUNTINGDON,52.328647,-0.192068,40.0
SE_BNH_CST,Southeastern,BARNEHURST,51.464845,0.160865,LONDON CANNON STREET,51.510577,-0.090615,39.9
GW_EXD_OKE,Great Western Railway,EXETER ST DAVIDS,50.729079,-3.544342,OKEHAMPTON,50.737521,-3.995300,39.8
LM_RDC_BHM,West Midlands Trains,REDDITCH,52.306504,-1.945689,BIRMINGHAM NEW STREET,52.478184,-1.898364,39.8
SR_SPR_MLN,ScotRail,SPRINGBURN,55.881316,-4.230019,MILNGAVIE,55.940859,-4.315111,39.7
NT_CLY_MAN,Northern,CHINLEY,53.340289,-1.944391,MANCHESTER PICCADILLY,53.476707,-2.228978,39.7
LM_BHM_LTV,West Midlands Trains,BIRMINGHAM NEW STREET,52.478184,-1.898364,LICHFIELD TRENT VALLEY,52.687522,-1.800241,39.5
ME_SDL_SOP,Merseyrail,SANDHILLS,53.429663,-2.991785,SOUTHPORT,53.647098,-3.002933,39.5
XR_MAI_PAD,Elizabeth Line,MAIDENHEAD,51.518267,-0.723032,LONDON PADDINGTON,51.516445,-0.176848,39.5
GW_RED_XAV,Great Western Railway,REDRUTH,50.233194,-5.225070,HELSTON BUS,50.100495,-5.273485,39.5
LM_LMS_BSW,West Midlands Trains,LEAMINGTON SPA,52.284931,-1.536718,BIRMINGHAM SNOW HILL,52.483579,-1.899824,39.5
SW_WAT_SNS,South Western Railway,LONDON WATERLOO,51.501916,-0.111149,STAINES,51.432930,-0.502430,39.5
AW_PTM_BFF,Transport for Wales,PORTHMADOG,52.930971,-4.136383,BLAENAU FFESTINIOG,52.996304,-3.944396,39.4
NT_SCU_DON,Northern,SCUNTHORPE,53.586174,-0.650980,DONCASTER,53.521477,-1.140236,39.4
EM_NOT_MSW,East Midlands Railway,NOTTINGHAM,52.948012,-1.145694,MANSFIELD WOODHOUSE,53.161435,-1.199794,39.4
NT_SHF_DON,Northern,SHEFFIELD,53.378646,-1.463308,DONCASTER,53.521477,-1.140236,39.3
GW_XAV_RED,Great Western Railway,HELSTON BUS,50.100495,-5.273485,REDRUTH,50.233194,-5.225070,39.3
NT_LDS_KNO,Northern,LEEDS,53.795162,-1.549093,KNOTTINGLEY,53.706536,-1.259178,39.2
SW_AON_WOK,South Western Railway,ALTON,51.152001,-0.967656,WOKING,51.318523,-0.557819,39.2
LO_BGV_GPO,London Overground,BARKING RIVERSIDE,51.519649,0.114448,GOSPEL OAK,51.555603,-0.150759,39.1
SW_BCU_POO,South Western Railway,BROCKENHURST,50.816769,-1.574099,POOLE,50.718626,-1.982949,39.0
SE_SAY_VIC,Southeastern,SWANLEY,51.392778,0.167529,LONDON VICTORIA,51.495256,-0.144559,39.0
LM_BSW_KID,West Midlands Trains,BIRMINGHAM SNOW HILL,52.483579,-1.899824,KIDDERMINSTER,52.384488,-2.239440,39.0
SN_PMH_BAA,Southern,PORTSMOUTH HARBOUR,50.796159,-1.108891,BARNHAM,50.831201,-0.639629,39.0
EM_KET_MMO,East Midlands Railway,KETTERING,52.393214,-0.731734,MELTON MOWBRAY,52.760667,-0.885582,39.0
NT_DAR_HPL,Northern,DARLINGTON,54.520446,-1.547324,HARTLEPOOL,54.686754,-1.207316,39.0
CS_CRS_EDB,Caledonian Sleeper,CARSTAIRS,55.690710,-3.668666,EDINBURGH,55.952391,-3.188228,39.0
LM_KID_BSW,West Midlands Trains,KIDDERMINSTER,52.384488,-2.239440,BIRMINGHAM SNOW HILL,52.483579,-1.899824,39.0
SW_BSK_SOU,South Western Railway,BASINGSTOKE,51.268092,-1.086896,SOUTHAMPTON CENTRAL,50.907799,-1.413975,39.0
SN_BAA_PMS,Southern,BARNHAM,50.831201,-0.639629,PORTSMOUTH & SOUTHSEA,50.797815,-1.090413,39.0
SN_SRS_LBG,Southern,SELHURST,51.392759,-0.089775,LONDON BRIDGE,51.505091,-0.085080,39.0
NT_WDM_LAN,Northern,WINDERMERE,54.380408,-2.903717,LANCASTER,54.048546,-2.807912,39.0
TL_DFD_GLM,Thameslink,DARTFORD,51.447598,0.217618,GILLINGHAM (KENT),51.386884,0.549580,39.0
LE_SNF_BTR,Greater Anglia,SHENFIELD,51.630663,0.330577,BRAINTREE,51.875064,0.556770,39.0
SW_ESL_PMS,South Western Railway,EASTLEIGH,50.968613,-1.350549,PORTSMOUTH & SOUTHSEA,50.797815,-1.090413,39.0
NT_DAR_NCL,Northern,DARLINGTON,54.520446,-1.547324,NEWCASTLE,54.968221,-1.617282,39.0
TP_HUD_MCV,TransPennine Express,HUDDERSFIELD,53.648412,-1.785145,MANCHESTER VICTORIA,53.487467,-2.242599,39.0
GN_MOG_GDH,Great Northern,MOORGATE,51.519563,-0.090239,GORDON HILL,51.663508,-0.094314,39.0
CH_LMS_BMO,Chiltern Railways,LEAMINGTON SPA,52.284931,-1.536718,BIRMINGHAM MOOR STREET,52.479078,-1.892473,38.8
AW_CRE_MAN,Transport for Wales,CREWE,53.089623,-2.432969,MANCHESTER PICCADILLY,53.476707,-2.228978,38.8
QC_MLG_ARA,QC,MALLAIG,57.007313,-5.827426,SKYE (ARMADALE),57.061900,-5.894114,38.8
NT_BPS_PRE,Northern,BLACKPOOL SOUTH,53.798608,-3.049057,PRESTON,53.755266,-2.708238,38.8
SW_HOU_WAT,South Western Railway,HOUNSLOW,51.462523,-0.361824,LONDON WATERLOO,51.501916,-0.111149,38.6
LE_BIS_CBG,Greater Anglia,BISHOPS STORTFORD,51.866732,0.165550,CAMBRIDGE,52.194558,0.137553,38.5
AW_WRX_CRE,Transport for Wales,WREXHAM GENERAL,53.050230,-3.002443,CREWE,53.089623,-2.432969,38.5
SE_CHX_ORP,Southeastern,LONDON CHARING CROSS,51.508415,-0.123850,ORPINGTON,51.373520,0.089029,38.5
LM_EUS_TRI,West Midlands Trains,LONDON EUSTON,51.528370,-0.134563,TRING,51.800369,-0.622262,38.4
LM_LMS_NUN,West Midlands Trains,LEAMINGTON SPA,52.284931,-1.536718,NUNEATON,52.526457,-1.463432,38.3
CH_MYB_GER,Chiltern Railways,LONDON MARYLEBONE,51.522533,-0.163631,GERRARDS CROSS,51.589153,-0.555040,38.2
LO_CHN_LST,London Overground,CHESHUNT,51.702799,-0.023196,LIVERPOOL STREET EL,51.517601,-0.080232,38.1
GW_OKE_EXD,Great Western Railway,OKEHAMPTON,50.737521,-3.995300,EXETER ST DAVIDS,50.729079,-3.544342,38.1
NT_DON_SCU,Northern,DONCASTER,53.521477,-1.140236,SCUNTHORPE,53.586174,-0.650980,38.1
NT_MAN_HDF,Northern,MANCHESTER PICCADILLY,53.476707,-2.228978,HADFIELD,53.460743,-1.965320,38.1
LM_NUN_LMS,West Midlands Trains,NUNEATON,52.526457,-1.463432,LEAMINGTON SPA,52.284931,-1.536718,38.1
LO_GPO_BGV,London Overground,GOSPEL OAK,51.555603,-0.150759,BARKING RIVERSIDE,51.519649,0.114448,38.1
SN_HHE_EBN,Southern,HAYWARDS HEATH,51.005421,-0.105730,EASTBOURNE,50.769149,0.281817,38.1
XC_LDS_XLB,CrossCountry,LEEDS,53.795162,-1.549093,LEEDS BRD AIRBUS,53.869226,-1.659313,38.0
SR_NBW_HYM,ScotRail,NORTH BERWICK,56.057494,-2.728984,HAYMARKET,55.945806,-3.218449,38.0
SE_STP_AFK,Southeastern,LONDON ST PANCRAS,51.532725,-0.125734,ASHFORD INTERNATIONAL,51.143732,0.873597,38.0
GW_RDG_GLD,Great Western Railway,READING,51.458684,-0.973708,GUILDFORD,51.236968,-0.580425,38.0
LM_BHM_RDC,West Midlands Trains,BIRMINGHAM NEW STREET,52.478184,-1.898364,REDDITCH,52.306504,-1.945689,38.0
NT_LDS_HUD,Northern,LEEDS,53.795162,-1.549093,HUDDERSFIELD,53.648412,-1.785145,38.0
SE_AFK_STP,Southeastern,ASHFORD INTERNATIONAL,51.143732,0.873597,LONDON ST PANCRAS,51.532725,-0.125734,38.0
NT_NCL_DAR,Northern,NEWCASTLE,54.968221,-1.617282,DARLINGTON,54.520446,-1.547324,38.0
NT_CLH_BBN,Northern,CLITHEROE,53.875358,-2.392377,BLACKBURN,53.746514,-2.479122,38.0
NT_WGW_SOP,Northern,WIGAN WALLGATE,53.545356,-2.633797,SOUTHPORT,53.647098,-3.002933,38.0
SR_INV_DIN,ScotRail,INVERNESS,57.480114,-4.223176,DINGWALL,57.594155,-4.422578,38.0
GW_GMV_EVE,Great Western Railway,GREAT MALVERN,52.109197,-2.318271,EVESHAM,52.098827,-1.947401,38.0
SN_LBG_NWD,Southern,LONDON BRIDGE,51.505091,-0.085080,NORWOOD JUNCTION,51.397017,-0.075222,38.0
LO_DLJ_CYP,London Overground,DALSTON JUNCTION,51.544513,-0.076215,CRYSTAL PALACE,51.417663,-0.072916,38.0
LE_IPS_SAX,Greater Anglia,IPSWICH,52.050591,1.144426,SAXMUNDHAM,52.215351,1.489908,38.0
XR_PAD_MAI,Elizabeth Line,LONDON PADDINGTON,51.516445,-0.176848,MAIDENHEAD,51.518267,-0.723032,38.0
SN_BKJ_LBG,Southern,BECKENHAM JUNCTION,51.411506,-0.027159,LONDON BRIDGE,51.505091,-0.085080,38.0
SR_MLN_SPR,ScotRail,MILNGAVIE,55.940859,-4.315111,SPRINGBURN,55.881316,-4.230019,37.9
SR_DMF_CAR,ScotRail,DUMFRIES,55.072363,-3.605235,CARLISLE,54.890646,-2.933815,37.9
SW_WAT_HOU,South Western Railway,LONDON WATERLOO,51.501916,-0.111149,HOUNSLOW,51.462523,-0.361824,37.8
NT_BDQ_SKI,Northern,BRADFORD FORSTER SQUARE,53.795753,-1.752513,SKIPTON,53.958685,-2.025872,37.7
LM_TRI_EUS,West Midlands Trains,TRING,51.800369,-0.622262,LONDON EUSTON,51.528370,-0.134563,37.6
XC_XLB_LDS,CrossCountry,LEEDS BRD AIRBUS,53.869226,-1.659313,LEEDS,53.795162,-1.549093,37.5
SR_RUT_DMR,ScotRail,RUTHERGLEN,55.830400,-4.212732,DALMUIR,55.911742,-4.426989,37.5
SE_CST_ORP,Southeastern,LONDON CANNON STREET,51.510577,-0.090615,ORPINGTON,51.373520,0.089029,37.2
SW_HMC_WAT,South Western Railway,HAMPTON COURT,51.402001,-0.342423,LONDON WATERLOO,51.501916,-0.111149,37.2
CH_BMO_LMS,Chiltern Railways,BIRMINGHAM MOOR STREET,52.479078,-1.892473,LEAMINGTON SPA,52.284931,-1.536718,37.2
AW_BFF_PTM,Transport for Wales,BLAENAU FFESTINIOG,52.996304,-3.944396,PORTHMADOG,52.930971,-4.136383,37.1
NT_SKI_BDQ,Northern,SKIPTON,53.958685,-2.025872,BRADFORD FORSTER SQUARE,53.795753,-1.752513,37.1
NT_PRE_BPS,Northern,PRESTON,53.755266,-2.708238,BLACKPOOL SOUTH,53.798608,-3.049057,37.1
LO_LST_CHN,London Overground,LIVERPOOL STREET EL,51.517601,-0.080232,CHESHUNT,51.702799,-0.023196,37.1
NT_WRK_SHF,Northern,WORKSOP,53.311016,-1.123457,SHEFFIELD,53.378646,-1.463308,37.0
SW_EPS_WAT,South Western Railway,EPSOM,51.334391,-0.268778,LONDON WATERLOO,51.501916,-0.111149,37.0
SN_DKG_WCY,Southern,DORKING,51.241669,-0.323837,WEST CROYDON,51.378567,-0.101861,37.0
NT_LAN_WDM,Northern,LANCASTER,54.048546,-2.807912,WINDERMERE,54.380408,-2.903717,37.0
LO_CYP_DLJ,London Overground,CRYSTAL PALACE,51.417663,-0.072916,DALSTON JUNCTION,51.544513,-0.076215,37.0
LO_GPO_CLJ,London Overground,GOSPEL OAK,51.555603,-0.150759,CLAPHAM JUNCTION,51.464186,-0.170293,37.0
GW_WOS_GCR,Great Western Railway,WORCESTER SHRUB HILL,52.194848,-2.210623,GLOUCESTER,51.867536,-2.238135,37.0
NT_PRE_MCO,Northern,PRESTON,53.755266,-2.708238,MANCHESTER OXFORD ROAD,53.473984,-2.242522,37.0
LE_INT_COL,Greater Anglia,INGATESTONE,51.667351,0.384523,COLCHESTER,51.900524,0.894040,37.0
TL_LBG_SUO,Thameslink,LONDON BRIDGE,51.505091,-0.085080,SUTTON (LONDON),51.360182,-0.190241,37.0
AW_WRX_SHR,Transport for Wales,WREXHAM GENERAL,53.050230,-3.002443,SHREWSBURY,52.711393,-2.748938,37.0
GW_PLY_LSK,Great Western Railway,PLYMOUTH,50.377826,-4.143320,LISKEARD,50.446920,-4.469014,37.0
AW_CRE_WRX,Transport for Wales,CREWE,53.089623,-2.432969,WREXHAM GENERAL,53.050230,-3.002443,36.9
NT_NCL_ASL,Northern,NEWCASTLE,54.968221,-1.617282,ASHINGTON,55.181943,-1.572838,36.9
SR_CAR_DMF,ScotRail,CARLISLE,54.890646,-2.933815,DUMFRIES,55.072363,-3.605235,36.8
TP_MCV_LIV,TransPennine Express,MANCHESTER VICTORIA,53.487467,-2.242599,LIVERPOOL LIME STREET,53.407307,-2.977726,36.8
SW_WAT_HMC,South Western Railway,LONDON WATERLOO,51.501916,-0.111149,HAMPTON COURT,51.402001,-0.342423,36.7
EM_SHF_DBY,East Midlands Railway,SHEFFIELD,53.378646,-1.463308,DERBY,52.916608,-1.463086,36.6
SN_SEF_BTN,Southern,SEAFORD,50.772558,0.100433,BRIGHTON,50.829722,-0.141252,36.5
EM_NOT_GRA,East Midlands Railway,NOTTINGHAM,52.948012,-1.145694,GRANTHAM,52.906471,-0.642450,36.4
SW_WIM_DKG,South Western Railway,WIMBLEDON,51.421582,-0.206515,DORKING,51.241669,-0.323837,36.3
ME_LVC_OMS,Merseyrail,LIVERPOOL CENTRAL,53.404598,-2.979168,ORMSKIRK,53.568952,-2.881790,36.3
SN_LBG_SRS,Southern,LONDON BRIDGE,51.505091,-0.085080,SELHURST,51.392759,-0.089775,36.2
SW_CSS_WAT,South Western Railway,CHESSINGTON SOUTH,51.356549,-0.308158,LONDON WATERLOO,51.501916,-0.111149,36.2
QC_ARA_MLG,QC,SKYE (ARMADALE),57.061900,-5.894114,MALLAIG,57.007313,-5.827426,36.2
EM_DBY_EMA,East Midlands Railway,DERBY,52.916608,-1.463086,East Mids Airport via DBY Bus,52.828737,-1.330592,36.2
SE_ORP_CST,Southeastern,ORPINGTON,51.373520,0.089029,LONDON CANNON STREET,51.510577,-0.090615,36.1
CC_GRY_FST,c2c,GRAYS,51.476139,0.322691,LONDON FENCHURCH STREET,51.511287,-0.079056,36.0
NT_HUD_BDI,Northern,HUDDERSFIELD,53.648412,-1.785145,BRADFORD INTERCHANGE,53.790354,-1.749509,36.0
SR_DIN_INV,ScotRail,DINGWALL,57.594155,-4.422578,INVERNESS,57.480114,-4.223176,36.0
SN_ECR_VIC,Southern,EAST CROYDON,51.375731,-0.093357,LONDON VICTORIA,51.495256,-0.144559,36.0
CS_EDB_CRS,Caledonian Sleeper,EDINBURGH,55.952391,-3.188228,CARSTAIRS,55.690710,-3.668666,36.0
SN_VIC_NWD,Southern,LONDON VICTORIA,51.495256,-0.144559,NORWOOD JUNCTION,51.397017,-0.075222,36.0
NT_HGT_LDS,Northern,HARROGATE,53.991954,-1.537820,LEEDS,53.795162,-1.549093,35.9
LE_SSD_CBG,Greater Anglia,STANSTED AIRPORT,51.890222,0.301838,CAMBRIDGE,52.194558,0.137553,35.8
NT_SBY_LDS,Northern,SELBY,53.783366,-1.063560,LEEDS,53.795162,-1.549093,35.8
TL_GTW_BTN,Thameslink,GATWICK AIRPORT,51.156489,-0.161042,BRIGHTON,50.829722,-0.141252,35.8
EM_DBY_SHF,East Midlands Railway,DERBY,52.916608,-1.463086,SHEFFIELD,53.378646,-1.463308,35.8
AW_MAN_CRE,Transport for Wales,MANCHESTER PICCADILLY,53.476707,-2.228978,CREWE,53.089623,-2.432969,35.7
SR_STG_GLQ,ScotRail,STIRLING,56.119063,-3.934890,GLASGOW QS LL,55.862055,-4.251288,35.7
TP_LIV_MCV,TransPennine Express,LIVERPOOL LIME STREET,53.407307,-2.977726,MANCHESTER VICTORIA,53.487467,-2.242599,35.7
CC_FST_GRY,c2c,LONDON FENCHURCH STREET,51.511287,-0.079056,GRAYS,51.476139,0.322691,35.6
LM_HNY_SGQ,West Midlands Trains,HANLEY BUS STN,53.023766,-2.172898,STONE GRNVLE SQ,52.905143,-2.147150,35.6
NT_LIV_WAC,Northern,LIVERPOOL LIME STREET,53.407307,-2.977726,WARRINGTON CENTRAL,53.391863,-2.592417,35.6
EM_EMA_DBY,East Midlands Railway,East Mids Airport via DBY Bus,52.828737,-1.330592,DERBY,52.916608,-1.463086,35.5
SW_WAT_STW,South Western Railway,LONDON WATERLOO,51.501916,-0.111149,STRAWBERRY HILL,51.439729,-0.339618,35.4
SW_TED_WAT,South Western Railway,TEDDINGTON,51.424348,-0.332984,LONDON WATERLOO,51.501916,-0.111149,35.4
NT_WAC_MCO,Northern,WARRINGTON CENTRAL,53.391863,-2.592417,MANCHESTER OXFORD ROAD,53.473984,-2.242522,35.4
SW_WOK_BSK,South Western Railway,WOKING,51.318523,-0.557819,BASINGSTOKE,51.268092,-1.086896,35.3
NT_ASL_NCL,Northern,ASHINGTON,55.181943,-1.572838,NEWCASTLE,54.968221,-1.617282,35.3
SE_ORP_CHX,Southeastern,ORPINGTON,51.373520,0.089029,LONDON CHARING CROSS,51.508415,-0.123850,35.3
LE_IPS_BSE,Greater Anglia,IPSWICH,52.050591,1.144426,BURY ST EDMUNDS,52.253762,0.713307,35.2
LM_SCN_HNY,West Midlands Trains,STONE CROWN ST,52.900649,-2.147135,HANLEY BUS STN,53.023766,-2.172898,35.2
AW_AYW_MCN,Transport for Wales,ABERYSTWYTH,52.414043,-4.081893,MACHYNLLETH,52.595858,-3.854263,35.1
QC_WMS_RTY,QC,WEMYSS BAY,55.876606,-4.888475,ROTHESAY,55.838502,-5.051785,35.0
SN_BTN_NVH,Southern,BRIGHTON,50.829722,-0.141252,NEWHAVEN HARBOUR,50.790466,0.054412,35.0
EM_BSN_SKG,East Midlands Railway,BOSTON,52.978825,-0.030985,SKEGNESS,53.143052,0.333892,35.0
NT_MCV_WGN,Northern,MANCHESTER VICTORIA,53.487467,-2.242599,WIGAN NORTH WESTERN,53.543566,-2.632261,35.0
QC_RTY_WMS,QC,ROTHESAY,55.838502,-5.051785,WEMYSS BAY,55.876606,-4.888475,35.0
LE_BXB_LST,Greater Anglia,BROXBOURNE,51.745759,-0.011181,LIVERPOOL STREET EL,51.517601,-0.080232,35.0
SR_DMR_RUT,ScotRail,DALMUIR,55.911742,-4.426989,RUTHERGLEN,55.830400,-4.212732,34.8
CC_LAI_FST,c2c,LAINDON,51.567617,0.424034,LONDON FENCHURCH STREET,51.511287,-0.079056,34.8
SW_BSK_WOK,South Western Railway,BASINGSTOKE,51.268092,-1.086896,WOKING,51.318523,-0.557819,34.5
SN_SRS_EPD,Southern,SELHURST,51.392759,-0.089775,EPSOM DOWNS,51.321424,-0.243433,34.5
SW_STW_WAT,South Western Railway,STRAWBERRY HILL,51.439729,-0.339618,LONDON WATERLOO,51.501916,-0.111149,34.5
NT_LDS_SBY,Northern,LEEDS,53.795162,-1.549093,SELBY,53.783366,-1.063560,34.4
NT_LDS_HGT,Northern,LEEDS,53.795162,-1.549093,HARROGATE,53.991954,-1.537820,34.4
SW_WIM_SHP,South Western Railway,WIMBLEDON,51.421582,-0.206515,SHEPPERTON,51.397146,-0.447536,34.3
NT_MAN_WML,Northern,MANCHESTER PICCADILLY,53.476707,-2.228978,WILMSLOW,53.326605,-2.225170,34.3
LE_CBG_SSD,Greater Anglia,CAMBRIDGE,52.194558,0.137553,STANSTED AIRPORT,51.890222,0.301838,34.2
SW_WAT_CSS,South Western Railway,LONDON WATERLOO,51.501916,-0.111149,CHESSINGTON SOUTH,51.356549,-0.308158,34.2
CH_SAV_LMS,Chiltern Railways,STRATFORD-UPON-AVON,52.193797,-1.716145,LEAMINGTON SPA,52.284931,-1.536718,34.1
LO_WFJ_WIJ,London Overground,WATFORD JUNCTION,51.663527,-0.396517,WILLESDEN JUNCTION,51.530958,-0.244030,34.0
GW_PNZ_TRU,Great Western Railway,PENZANCE,50.121686,-5.532398,TRURO,50.263673,-5.062935,34.0
TL_STP_SAC,Thameslink,LONDON ST PANCRAS,51.532725,-0.125734,ST ALBANS CITY,51.748879,-0.326858,34.0
SW_ACT_FNH,South Western Railway,ASCOT,51.406242,-0.675833,FARNHAM,51.211478,-0.793097,34.0
NT_HUL_SBY,Northern,HULL,53.743271,-0.347231,SELBY,53.783366,-1.063560,34.0
AW_PEN_CPH,Transport for Wales,PENARTH,51.435713,-3.173861,CAERPHILLY,51.571942,-3.217770,34.0
LE_BTR_SNF,Greater Anglia,BRAINTREE,51.875064,0.556770,SHENFIELD,51.630663,0.330577,34.0
EM_NOT_NCT,East Midlands Railway,NOTTINGHAM,52.948012,-1.145694,NEWARK CASTLE,53.080002,-0.813160,34.0
EM_SKG_BSN,East Midlands Railway,SKEGNESS,53.143052,0.333892,BOSTON,52.978825,-0.030985,34.0
SN_NWD_VIC,Southern,NORWOOD JUNCTION,51.397017,-0.075222,LONDON VICTORIA,51.495256,-0.144559,34.0
LE_SRA_BXB,Greater Anglia,STRATFORD (LONDON),51.540613,-0.004275,BROXBOURNE,51.745759,-0.011181,34.0
SW_WAT_EPS,South Western Railway,LONDON WATERLOO,51.501916,-0.111149,EPSOM,51.334391,-0.268778,34.0
CH_PRR_OXF,Chiltern Railways,PRINCES RISBOROUGH,51.717332,-0.843373,OXFORD,51.753133,-1.271275,34.0
LE_BSE_IPS,Greater Anglia,BURY ST EDMUNDS,52.253762,0.713307,IPSWICH,52.050591,1.144426,34.0
SE_HYS_NWX,Southeastern,HAYES (KENT),51.375800,0.010102,NEW CROSS,51.476352,-0.033002,34.0
AW_COY_PEN,Transport for Wales,CORYTON,51.520553,-3.230812,PENARTH,51.435713,-3.173861,33.7
VT_CRE_MAN,Avanti West Coast,CREWE,53.089623,-2.432969,MANCHESTER PICCADILLY,53.476707,-2.228978,33.7
NT_MAC_MAN,Northern,MACCLESFIELD,53.259341,-2.121382,MANCHESTER PICCADILLY,53.476707,-2.228978,33.7
ME_OMS_LVC,Merseyrail,ORMSKIRK,53.568952,-2.881790,LIVERPOOL CENTRAL,53.404598,-2.979168,33.7
AW_CDF_PPD,Transport for Wales,CARDIFF CENTRAL,51.475239,-3.177755,PONTYPRIDD,51.599354,-3.342674,33.6
LM_COV_BHM,West Midlands Trains,COVENTRY,52.400812,-1.513460,BIRMINGHAM NEW STREET,52.478184,-1.898364,33.5
EM_HUU_BAU,East Midlands Railway,HULL BUS STN,53.744170,-0.347196,BARTON-ON-HUMBER,53.688825,-0.443258,33.4
NT_RSH_MAN,Northern,ROSE HILL MARPLE,53.395107,-2.076655,MANCHESTER PICCADILLY,53.476707,-2.228978,33.4
SN_SRH_LBG,Southern,STREATHAM HILL,51.438342,-0.128161,LONDON BRIDGE,51.505091,-0.085080,33.3
NT_MAN_NMC,Northern,MANCHESTER PICCADILLY,53.476707,-2.228978,NEW MILLS CENTRAL,53.364570,-2.007474,33.3
LM_BHM_BMV,West Midlands Trains,BIRMINGHAM NEW STREET,52.478184,-1.898364,BROMSGROVE,52.319990,-2.051304,33.3
LM_BHM_COV,West Midlands Trains,BIRMINGHAM NEW STREET,52.478184,-1.898364,COVENTRY,52.400812,-1.513460,33.2
ME_WKI_LVC,Merseyrail,WEST KIRBY,53.373075,-3.184370,LIVERPOOL CENTRAL,53.404598,-2.979168,33.0
NT_HHB_LAN,Northern,HEYSHAM PORT,54.032503,-2.914474,LANCASTER,54.048546,-2.807912,33.0
NT_BGH_LDS,Northern,BRIGHOUSE,53.698739,-1.781859,LEEDS,53.795162,-1.549093,33.0
TP_SBY_HUL,TransPennine Express,SELBY,53.783366,-1.063560,HULL,53.743271,-0.347231,33.0
EM_DBY_MAT,East Midlands Railway,DERBY,52.916608,-1.463086,MATLOCK,53.138137,-1.558988,33.0
SN_EBN_ORE,Southern,EASTBOURNE,50.769149,0.281817,ORE,50.867028,0.590748,32.9
SN_VIC_ECR,Southern,LONDON VICTORIA,51.495256,-0.144559,EAST CROYDON,51.375731,-0.093357,32.9
SR_EDB_NBW,ScotRail,EDINBURGH,55.952391,-3.188228,NORTH BERWICK,56.057494,-2.728984,32.8
CH_LMS_SAV,Chiltern Railways,LEAMINGTON SPA,52.284931,-1.536718,STRATFORD-UPON-AVON,52.193797,-1.716145,32.8
NT_SBY_YRK,Northern,SELBY,53.783366,-1.063560,YORK,53.957964,-1.093182,32.8
LE_GYM_NRW,Greater Anglia,GREAT YARMOUTH,52.612158,1.720886,NORWICH,52.627152,1.306820,32.7
CH_GER_MYB,Chiltern Railways,GERRARDS CROSS,51.589153,-0.555040,LONDON MARYLEBONE,51.522533,-0.163631,32.7
SR_NBW_EDB,ScotRail,NORTH BERWICK,56.057494,-2.728984,EDINBURGH,55.952391,-3.188228,32.6
AW_CDB_PPD,Transport for Wales,CARDIFF BAY,51.466364,-3.166010,PONTYPRIDD,51.599354,-3.342674,32.5
GR_DAR_NCL,LNER,DARLINGTON,54.520446,-1.547324,NEWCASTLE,54.968221,-1.617282,32.5
NT_SOP_WGW,Northern,SOUTHPORT,53.647098,-3.002933,WIGAN WALLGATE,53.545356,-2.633797,32.4
LE_NRW_GYM,Greater Anglia,NORWICH,52.627152,1.306820,GREAT YARMOUTH,52.612158,1.720886,32.3
GW_EXM_EXD,Great Western Railway,EXMOUTH,50.621003,-3.414981,EXETER ST DAVIDS,50.729079,-3.544342,32.3
NT_MCM_PRE,Northern,MORECAMBE,54.071440,-2.875597,PRESTON,53.755266,-2.708238,32.3
LO_ENF_LST,London Overground,ENFIELD TOWN,51.651567,-0.078913,LIVERPOOL STREET EL,51.517601,-0.080232,32.3
AW_PPD_ABA,Transport for Wales,PONTYPRIDD,51.599354,-3.342674,ABERDARE,51.714157,-3.443055,32.2
NT_MAN_RSH,Northern,MANCHESTER PICCADILLY,53.476707,-2.228978,ROSE HILL MARPLE,53.395107,-2.076655,32.2
NT_NMC_MAN,Northern,NEW MILLS CENTRAL,53.364570,-2.007474,MANCHESTER PICCADILLY,53.476707,-2.228978,32.2
AW_PEN_COY,Transport for Wales,PENARTH,51.435713,-3.173861,CORYTON,51.520553,-3.230812,32.2
AW_BYI_CDF,Transport for Wales,BARRY ISLAND,51.392412,-3.273363,CARDIFF CENTRAL,51.475239,-3.177755,32.1
NT_LAN_HHB,Northern,LANCASTER,54.048546,-2.807912,HEYSHAM PORT,54.032503,-2.914474,32.1
LO_LST_ENF,London Overground,LIVERPOOL STREET EL,51.517601,-0.080232,ENFIELD TOWN,51.651567,-0.078913,32.1
SR_EDA_INK,ScotRail,EDINBURGH AIRPORT BUS/TRAM,55.947010,-3.361003,INVERKEITHING,56.034676,-3.396187,32.1
SR_GLC_EKL,ScotRail,GLASGOW CENT LL,55.858317,-4.259062,EAST KILBRIDE,55.765342,-4.181944,32.1
GW_AVN_BRI,Great Western Railway,AVONMOUTH,51.499745,-2.700091,BRISTOL TEMPLE MEADS,51.449142,-2.581315,32.0
LE_SUY_COL,Greater Anglia,SUDBURY (SUFFOLK),52.035629,0.735069,COLCHESTER,51.900524,0.894040,32.0
AW_CPH_PEN,Transport for Wales,CAERPHILLY,51.571942,-3.217770,PENARTH,51.435713,-3.173861,32.0
SE_MDE_AFK,Southeastern,MAIDSTONE EAST,51.277790,0.520590,ASHFORD INTERNATIONAL,51.143732,0.873597,32.0
LE_COL_CLT,Greater Anglia,COLCHESTER,51.900524,0.894040,CLACTON-ON-SEA,51.794001,1.154092,32.0
NT_MAN_MAC,Northern,MANCHESTER PICCADILLY,53.476707,-2.228978,MACCLESFIELD,53.259341,-2.121382,32.0
GW_WSM_BRI,Great Western Railway,WESTON-SUPER-MARE,51.344046,-2.971944,BRISTOL TEMPLE MEADS,51.449142,-2.581315,32.0
SN_TON_RDH,Southern,TONBRIDGE,51.191192,0.269689,REDHILL,51.240183,-0.164869,31.9
GW_EXD_EXM,Great Western Railway,EXETER ST DAVIDS,50.729079,-3.544342,EXMOUTH,50.621003,-3.414981,31.9
SR_EDB_DUN,ScotRail,EDINBURGH,55.952391,-3.188228,DUNBAR,55.998377,-2.514630,31.9
LE_CLT_COL,Greater Anglia,CLACTON-ON-SEA,51.794001,1.154092,COLCHESTER,51.900524,0.894040,31.9
LE_HWC_COL,Greater Anglia,HARWICH TOWN,51.944206,1.285420,COLCHESTER,51.900524,0.894040,31.8
NT_SHF_WRK,Northern,SHEFFIELD,53.378646,-1.463308,WORKSOP,53.311016,-1.123457,31.8
GW_BRI_WSM,Great Western Railway,BRISTOL TEMPLE MEADS,51.449142,-2.581315,WESTON-SUPER-MARE,51.344046,-2.971944,31.7
SW_WNR_RMD,South Western Railway,WINDSOR & ETON RIVERSIDE,51.486359,-0.605821,RICHMOND (LONDON),51.462561,-0.301361,31.7
SW_RMD_WNR,South Western Railway,RICHMOND (LONDON),51.462561,-0.301361,WINDSOR & ETON RIVERSIDE,51.486359,-0.605821,31.7
NT_ILK_BDQ,Northern,ILKLEY,53.925302,-1.821797,BRADFORD FORSTER SQUARE,53.795753,-1.752513,31.7
SR_INK_EDA,ScotRail,INVERKEITHING,56.034676,-3.396187,EDINBURGH AIRPORT BUS/TRAM,55.947010,-3.361003,31.6
GX_GTW_VIC,Gatwick Express,GATWICK AIRPORT,51.156489,-0.161042,LONDON VICTORIA,51.495256,-0.144559,31.6
GX_VIC_GTW,Gatwick Express,LONDON VICTORIA,51.495256,-0.144559,GATWICK AIRPORT,51.156489,-0.161042,31.6
LE_WIC_SMN,Greater Anglia,WICKFORD,51.615079,0.519015,SOUTHMINSTER,51.660924,0.835356,31.5
SR_EKL_GLC,ScotRail,EAST KILBRIDE,55.765342,-4.181944,GLASGOW CENT LL,55.858317,-4.259062,31.5
LE_SMN_WIC,Greater Anglia,SOUTHMINSTER,51.660924,0.835356,WICKFORD,51.615079,0.519015,31.4
AW_PPD_CDF,Transport for Wales,PONTYPRIDD,51.599354,-3.342674,CARDIFF CENTRAL,51.475239,-3.177755,31.3
SR_NEI_GLC,ScotRail,NEILSTON,55.782318,-4.426907,GLASGOW CENT LL,55.858317,-4.259062,31.3
AW_MCN_AYW,Transport for Wales,MACHYNLLETH,52.595858,-3.854263,ABERYSTWYTH,52.414043,-4.081893,31.3
GW_WSB_SAL,Great Western Railway,WESTBURY,51.266984,-2.199182,SALISBURY,51.070968,-1.805843,31.2
XC_SSD_CBG,CrossCountry,STANSTED AIRPORT,51.890222,0.301838,CAMBRIDGE,52.194558,0.137553,31.1
NT_WGN_MCV,Northern,WIGAN NORTH WESTERN,53.543566,-2.632261,MANCHESTER VICTORIA,53.487467,-2.242599,31.1
NT_PRE_OMS,Northern,PRESTON,53.755266,-2.708238,ORMSKIRK,53.568952,-2.881790,31.1
SR_DUN_EDB,ScotRail,DUNBAR,55.998377,-2.514630,EDINBURGH,55.952391,-3.188228,31.1
SN_LBG_WCY,Southern,LONDON BRIDGE,51.505091,-0.085080,WEST CROYDON,51.378567,-0.101861,31.0
XR_GDP_LST,Elizabeth Line,GIDEA PARK,51.581823,0.205383,LIVERPOOL STREET EL,51.517601,-0.080232,31.0
SW_TWI_WNR,South Western Railway,TWICKENHAM,51.450372,-0.329158,WINDSOR & ETON RIVERSIDE,51.486359,-0.605821,31.0
TP_HUL_SBY,TransPennine Express,HULL,53.743271,-0.347231,SELBY,53.783366,-1.063560,31.0
SN_WWO_BTN,Southern,WEST WORTHING,50.818172,-0.392991,BRIGHTON,50.829722,-0.141252,31.0
SE_AFK_MDE,Southeastern,ASHFORD INTERNATIONAL,51.143732,0.873597,MAIDSTONE EAST,51.277790,0.520590,31.0
SW_FRM_SOU,South Western Railway,FAREHAM,50.853416,-1.191619,SOUTHAMPTON CENTRAL,50.907799,-1.413975,31.0
EM_LCN_SLR,East Midlands Railway,LINCOLN,53.227105,-0.540951,SLEAFORD,52.995290,-0.410205,31.0
GW_TOT_KBS,Great Western Railway,TOTNES,50.435690,-3.688264,KINGSBRIDGE BUS,50.283269,-3.776910,31.0
LE_COL_HWC,Greater Anglia,COLCHESTER,51.900524,0.894040,HARWICH TOWN,51.944206,1.285420,31.0
GN_GDH_MOG,Great Northern,GORDON HILL,51.663508,-0.094314,MOORGATE,51.519563,-0.090239,31.0
SN_NVH_BTN,Southern,NEWHAVEN HARBOUR,50.790466,0.054412,BRIGHTON,50.829722,-0.141252,31.0
GW_KBS_TOT,Great Western Railway,KINGSBRIDGE BUS,50.283269,-3.776910,TOTNES,50.435690,-3.688264,31.0
NT_KNO_WKF,Northern,KNOTTINGLEY,53.706536,-1.259178,WAKEFIELD WESTGATE,53.681743,-1.506399,31.0
SE_GLM_SSS,Southeastern,GILLINGHAM (KENT),51.386884,0.549580,SHEERNESS-ON-SEA,51.440614,0.758362,31.0
LE_CHM_BTR,Greater Anglia,CHELMSFORD,51.736644,0.469282,BRAINTREE,51.875064,0.556770,31.0
SN_LBG_SRH,Southern,LONDON BRIDGE,51.505091,-0.085080,STREATHAM HILL,51.438342,-0.128161,31.0
GW_LSK_PLY,Great Western Railway,LISKEARD,50.446920,-4.469014,PLYMOUTH,50.377826,-4.143320,31.0
SW_ACT_AHT,South Western Railway,ASCOT,51.406242,-0.675833,ALDERSHOT,51.246209,-0.760668,31.0
SR_GLC_NEI,ScotRail,GLASGOW CENT LL,55.858317,-4.259062,NEILSTON,55.782318,-4.426907,30.9
NT_MLM_BIF,Northern,MILLOM,54.210822,-3.271084,BARROW-IN-FURNESS,54.118702,-3.226953,30.9
SN_RDH_TON,Southern,REDHILL,51.240183,-0.164869,TONBRIDGE,51.191192,0.269689,30.9
LM_BMV_BHM,West Midlands Trains,BROMSGROVE,52.319990,-2.051304,BIRMINGHAM NEW STREET,52.478184,-1.898364,30.9
SE_DVP_AFK,Southeastern,DOVER PRIORY,51.126054,1.304175,ASHFORD INTERNATIONAL,51.143732,0.873597,30.9
NT_OMS_PRE,Northern,ORMSKIRK,53.568952,-2.881790,PRESTON,53.755266,-2.708238,30.8
NT_BDQ_ILK,Northern,BRADFORD FORSTER SQUARE,53.795753,-1.752513,ILKLEY,53.925302,-1.821797,30.8
NT_BNY_SHF,Northern,BARNSLEY,53.553987,-1.477697,SHEFFIELD,53.378646,-1.463308,30.8
AW_CDF_BYI,Transport for Wales,CARDIFF CENTRAL,51.475239,-3.177755,BARRY ISLAND,51.392412,-3.273363,30.6
SE_AFK_CBW,Southeastern,ASHFORD INTERNATIONAL,51.143732,0.873597,CANTERBURY WEST,51.284332,1.074562,30.3
SN_BTN_WWO,Southern,BRIGHTON,50.829722,-0.141252,WEST WORTHING,50.818172,-0.392991,30.0
SN_ORE_EBN,Southern,ORE,50.867028,0.590748,EASTBOURNE,50.769149,0.281817,30.0
EM_SLR_LCN,East Midlands Railway,SLEAFORD,52.995290,-0.410205,LINCOLN,53.227105,-0.540951,30.0
SW_WSB_SAL,South Western Railway,WESTBURY,51.266984,-2.199182,SALISBURY,51.070968,-1.805843,30.0
TL_SNO_HUN,Thameslink,ST NEOTS,52.231474,-0.247271,HUNTINGDON,52.328647,-0.192068,30.0
SW_SUR_WAT,South Western Railway,SURBITON,51.392458,-0.303959,LONDON WATERLOO,51.501916,-0.111149,30.0
SN_NWD_LBG,Southern,NORWOOD JUNCTION,51.397017,-0.075222,LONDON BRIDGE,51.505091,-0.085080,30.0
TP_YRK_WKK,TransPennine Express,YORK,53.957964,-1.093182,WAKEFIELD KIRKGATE,53.678970,-1.488264,30.0
NT_MIA_WML,Northern,MANCHESTER AIRPORT,53.361571,-2.268930,WILMSLOW,53.326605,-2.225170,30.0
NT_MBR_RCC,Northern,MIDDLESBROUGH,54.579073,-1.232614,REDCAR CENTRAL,54.615686,-1.070880,30.0
SW_SNS_WOK,South Western Railway,STAINES,51.432930,-0.502430,WOKING,51.318523,-0.557819,30.0
NT_WML_MIA,Northern,WILMSLOW,53.326605,-2.225170,MANCHESTER AIRPORT,53.361571,-2.268930,30.0
TL_HUN_SNO,Thameslink,HUNTINGDON,52.328647,-0.192068,ST NEOTS,52.231474,-0.247271,30.0
SW_AHT_ACT,South Western Railway,ALDERSHOT,51.246209,-0.760668,ASCOT,51.406242,-0.675833,30.0
XR_PAD_HWV,Elizabeth Line,LONDON PADDINGTON,51.516445,-0.176848,HEATHROW TERMINAL 5,51.471414,-0.488212,29.9
XR_PAD_HAF,Elizabeth Line,LONDON PADDINGTON,51.516445,-0.176848,HEATHROW TERMINAL 4,51.458266,-0.445463,29.9
CH_AMR_AVP,Chiltern Railways,AMERSHAM,51.673410,-0.607317,AYLESBURY VALE PARKWAY,51.830795,-0.860787,29.7
NT_DAR_MBR,Northern,DARLINGTON,54.520446,-1.547324,MIDDLESBROUGH,54.579073,-1.232614,29.7
XR_HAF_PAD,Elizabeth Line,HEATHROW TERMINAL 4,51.458266,-0.445463,LONDON PADDINGTON,51.516445,-0.176848,29.6
GW_BTH_FIT,Great Western Railway,BATH SPA,51.378109,-2.356274,FILTON ABBEY WOOD,51.509481,-2.561910,29.5
AW_PPD_CDB,Transport for Wales,PONTYPRIDD,51.599354,-3.342674,CARDIFF BAY,51.466364,-3.166010,29.4
XC_CBG_SSD,CrossCountry,CAMBRIDGE,52.194558,0.137553,STANSTED AIRPORT,51.890222,0.301838,29.4
EM_NNG_LCN,East Midlands Railway,NEWARK NORTHGATE,53.082563,-0.799653,LINCOLN,53.227105,-0.540951,29.4
CC_FST_LAI,c2c,LONDON FENCHURCH STREET,51.511287,-0.079056,LAINDON,51.567617,0.424034,29.3
NT_MBR_DAR,Northern,MIDDLESBROUGH,54.579073,-1.232614,DARLINGTON,54.520446,-1.547324,29.3
GW_OXF_BAN,Great Western Railway,OXFORD,51.753133,-1.271275,BANBURY,52.060959,-1.327540,29.3
NT_MAN_ALD,Northern,MANCHESTER PICCADILLY,53.476707,-2.228978,ALDERLEY EDGE,53.305009,-2.237061,29.1
XR_PAD_ABW,Elizabeth Line,LONDON PADDINGTON,51.516445,-0.176848,ABBEY WOOD,51.490766,0.120314,29.1
NT_ALD_MAN,Northern,ALDERLEY EDGE,53.305009,-2.237061,MANCHESTER PICCADILLY,53.476707,-2.228978,29.1
SR_GRS_SPR,ScotRail,GARSCADDEN,55.887788,-4.364722,SPRINGBURN,55.881316,-4.230019,29.0
GW_LSK_LOO,Great Western Railway,LISKEARD,50.446920,-4.469014,LOOE,50.359945,-4.456060,29.0
XR_LST_GDP,Elizabeth Line,LIVERPOOL STREET EL,51.517601,-0.080232,GIDEA PARK,51.581823,0.205383,29.0
NT_SYB_SPT,Northern,STALYBRIDGE,53.484100,-2.064760,STOCKPORT,53.404908,-2.162409,29.0
SW_CSA_ESL,South Western Railway,COSHAM,50.841705,-1.068256,EASTLEIGH,50.968613,-1.350549,29.0
LE_COL_SUY,Greater Anglia,COLCHESTER,51.900524,0.894040,SUDBURY (SUFFOLK),52.035629,0.735069,29.0
SR_MTH_CRS,ScotRail,MOTHERWELL,55.791883,-3.995197,CARSTAIRS,55.690710,-3.668666,29.0
NT_ILK_LDS,Northern,ILKLEY,53.925302,-1.821797,LEEDS,53.795162,-1.549093,29.0
XR_HWV_PAD,Elizabeth Line,HEATHROW TERMINAL 5,51.471414,-0.488212,LONDON PADDINGTON,51.516445,-0.176848,28.9
TW_NCZ_SUN,TW,NEWCASTLE(METRO),54.968221,-1.617282,SUNDERLAND,54.906147,-1.382370,28.9
CH_MYB_WRU,Chiltern Railways,LONDON MARYLEBONE,51.522533,-0.163631,WEST RUISLIP,51.569642,-0.435896,28.8
SE_AFK_DVP,Southeastern,ASHFORD INTERNATIONAL,51.143732,0.873597,DOVER PRIORY,51.126054,1.304175,28.5
SW_WIM_WAT,South Western Railway,WIMBLEDON,51.421582,-0.206515,LONDON WATERLOO,51.501916,-0.111149,28.5
SN_CYP_LBG,Southern,CRYSTAL PALACE,51.417663,-0.072916,LONDON BRIDGE,51.505091,-0.085080,28.5
GW_BAN_OXF,Great Western Railway,BANBURY,52.060959,-1.327540,OXFORD,51.753133,-1.271275,28.4
SR_NTN_GLC,ScotRail,NEWTON (LANARKSHIRE),55.819212,-4.133877,GLASGOW CENT LL,55.858317,-4.259062,28.4
EM_LCN_NNG,East Midlands Railway,LINCOLN,53.227105,-0.540951,NEWARK NORTHGATE,53.082563,-0.799653,28.3
TW_SUN_NCZ,TW,SUNDERLAND,54.906147,-1.382370,NEWCASTLE(METRO),54.968221,-1.617282,28.2
GW_NBY_RDG,Great Western Railway,NEWBURY,51.396479,-1.322950,READING,51.458684,-0.973708,28.1
SR_GLC_DMR,ScotRail,GLASGOW CENT LL,55.858317,-4.259062,DALMUIR,55.911742,-4.426989,28.0
SN_EBN_HGS,Southern,EASTBOURNE,50.769149,0.281817,HASTINGS,50.858359,0.576057,28.0
NT_BIF_MLM,Northern,BARROW-IN-FURNESS,54.118702,-3.226953,MILLOM,54.210822,-3.271084,28.0
LO_NWX_HHY,London Overground,NEW CROSS,51.476352,-0.033002,HIGHBURY & ISLINGTON,51.545881,-0.105002,28.0
XC_SOU_BMH,CrossCountry,SOUTHAMPTON CENTRAL,50.907799,-1.413975,BOURNEMOUTH,50.727541,-1.863935,28.0
SN_HGS_EBN,Southern,HASTINGS,50.858359,0.576057,EASTBOURNE,50.769149,0.281817,28.0
NT_PRE_BBN,Northern,PRESTON,53.755266,-2.708238,BLACKBURN,53.746514,-2.479122,28.0
XR_ABW_PAD,Elizabeth Line,ABBEY WOOD,51.490766,0.120314,LONDON PADDINGTON,51.516445,-0.176848,27.9
IL_RYP_SHN,Island Line,RYDE PIER HEAD,50.739881,-1.159561,SHANKLIN,50.633909,-1.179834,27.9
LM_WSL_BHM,West Midlands Trains,WALSALL,52.584307,-1.985198,BIRMINGHAM NEW STREET,52.478184,-1.898364,27.8
NT_BBN_CLH,Northern,BLACKBURN,53.746514,-2.479122,CLITHEROE,53.875358,-2.392377,27.8
GW_LOO_LSK,Great Western Railway,LOOE,50.359945,-4.456060,LISKEARD,50.446920,-4.469014,27.8
SN_VIC_SRS,Southern,LONDON VICTORIA,51.495256,-0.144559,SELHURST,51.392759,-0.089775,27.8
SR_BHG_EDB,ScotRail,BATHGATE,55.896937,-3.635927,EDINBURGH,55.952391,-3.188228,27.7
CH_WRU_MYB,Chiltern Railways,WEST RUISLIP,51.569642,-0.435896,LONDON MARYLEBONE,51.522533,-0.163631,27.7
LM_BHM_WSL,West Midlands Trains,BIRMINGHAM NEW STREET,52.478184,-1.898364,WALSALL,52.584307,-1.985198,27.7
SR_CUB_GLQ,ScotRail,CUMBERNAULD,55.941278,-3.982058,GLASGOW QS LL,55.862055,-4.251288,27.6
EM_DBY_NOT,East Midlands Railway,DERBY,52.916608,-1.463086,NOTTINGHAM,52.948012,-1.145694,27.6
NT_MRY_WTH,Northern,MARYPORT,54.711580,-3.494705,WHITEHAVEN,54.548616,-3.587689,27.6
SN_SRS_VIC,Southern,SELHURST,51.392759,-0.089775,LONDON VICTORIA,51.495256,-0.144559,27.4
NT_PRU_NCL,Northern,PRUDHOE,54.966050,-1.864084,NEWCASTLE,54.968221,-1.617282,27.3
EM_BAU_HUU,East Midlands Railway,BARTON-ON-HUMBER,53.688825,-0.443258,HULL BUS STN,53.744170,-0.347196,27.3
LO_HHY_NXG,London Overground,HIGHBURY & ISLINGTON,51.545881,-0.105002,NEW CROSS GATE,51.475597,-0.041675,27.3
GW_BRI_AVN,Great Western Railway,BRISTOL TEMPLE MEADS,51.449142,-2.581315,AVONMOUTH,51.499745,-2.700091,27.2
NT_LDS_ILK,Northern,LEEDS,53.795162,-1.549093,ILKLEY,53.925302,-1.821797,27.2
GW_RDG_NBY,Great Western Railway,READING,51.458684,-0.973708,NEWBURY,51.396479,-1.322950,27.2
GW_RDG_BSK,Great Western Railway,READING,51.458684,-0.973708,BASINGSTOKE,51.268092,-1.086896,27.1
SR_GIR_AYR,ScotRail,GIRVAN,55.246479,-4.848865,AYR,55.458210,-4.626829,27.1
LO_NXG_HHY,London Overground,NEW CROSS GATE,51.475597,-0.041675,HIGHBURY & ISLINGTON,51.545881,-0.105002,27.0
LE_HPQ_IPS,Greater Anglia,HARWICH INTERNATIONAL,51.947747,1.255114,IPSWICH,52.050591,1.144426,27.0
SW_FRM_PMH,South Western Railway,FAREHAM,50.853416,-1.191619,PORTSMOUTH HARBOUR,50.796159,-1.108891,27.0
LE_CLT_WON,Greater Anglia,CLACTON-ON-SEA,51.794001,1.154092,WALTON-ON-THE-NAZE,51.846649,1.268140,27.0
EM_NOT_DBY,East Midlands Railway,NOTTINGHAM,52.948012,-1.145694,DERBY,52.916608,-1.463086,27.0
AW_YST_NTH,Transport for Wales,YSTRADGYNLAIS BUS STATION,51.777304,-3.758174,NEATH,51.662359,-3.807219,27.0
VT_BPN_PRE,Avanti West Coast,BLACKPOOL NORTH,53.821074,-3.049618,PRESTON,53.755266,-2.708238,27.0
EM_LEI_DBY,East Midlands Railway,LEICESTER,52.631423,-1.125275,DERBY,52.916608,-1.463086,27.0
NT_WTH_MRY,Northern,WHITEHAVEN,54.548616,-3.587689,MARYPORT,54.711580,-3.494705,27.0
IL_SHN_RYP,Island Line,SHANKLIN,50.633909,-1.179834,RYDE PIER HEAD,50.739881,-1.159561,26.8
GW_FAL_TRU,Great Western Railway,FALMOUTH DOCKS,50.151415,-5.055751,TRURO,50.263673,-5.062935,26.7
CH_OXF_BAN,Chiltern Railways,OXFORD,51.753133,-1.271275,BANBURY,52.060959,-1.327540,26.5
LM_WVH_BHM,West Midlands Trains,WOLVERHAMPTON,52.587843,-2.119515,BIRMINGHAM NEW STREET,52.478184,-1.898364,26.4
GW_BSK_RDG,Great Western Railway,BASINGSTOKE,51.268092,-1.086896,READING,51.458684,-0.973708,26.4
LM_BHM_WVH,West Midlands Trains,BIRMINGHAM NEW STREET,52.478184,-1.898364,WOLVERHAMPTON,52.587843,-2.119515,26.4
NT_DON_GOO,Northern,DONCASTER,53.521477,-1.140236,GOOLE,53.704424,-0.872924,26.3
SR_GLC_NTN,ScotRail,GLASGOW CENT LL,55.858317,-4.259062,NEWTON (LANARKSHIRE),55.819212,-4.133877,26.3
SR_EDB_BHG,ScotRail,EDINBURGH,55.952391,-3.188228,BATHGATE,55.896937,-3.635927,26.3
LM_WTE_BSW,West Midlands Trains,WHITLOCKS END,52.391830,-1.851539,BIRMINGHAM SNOW HILL,52.483579,-1.899824,26.2
GW_GFD_PAD,Great Western Railway,GREENFORD,51.542311,-0.344540,LONDON PADDINGTON,51.516445,-0.176848,26.2
SR_GLQ_CUB,ScotRail,GLASGOW QS LL,55.862055,-4.251288,CUMBERNAULD,55.941278,-3.982058,26.2
LO_CHI_LST,London Overground,CHINGFORD,51.633894,0.009933,LIVERPOOL STREET EL,51.517601,-0.080232,26.1
SR_AYR_GIR,ScotRail,AYR,55.458210,-4.626829,GIRVAN,55.246479,-4.848865,26.1
LO_LST_CHI,London Overground,LIVERPOOL STREET EL,51.517601,-0.080232,CHINGFORD,51.633894,0.009933,26.1
SE_SOO_MDW,Southeastern,STROOD (KENT),51.396052,0.499772,MAIDSTONE WEST,51.269797,0.515852,26.0
ME_NBN_LVC,Merseyrail,NEW BRIGHTON,53.437263,-3.049166,LIVERPOOL CENTRAL,53.404598,-2.979168,26.0
SE_MDW_SOO,Southeastern,MAIDSTONE WEST,51.269797,0.515852,STROOD (KENT),51.396052,0.499772,26.0
GW_RDG_DID,Great Western Railway,READING,51.458684,-0.973708,DIDCOT PARKWAY,51.610892,-1.243227,26.0
SW_BCE_SNS,South Western Railway,BRACKNELL,51.413370,-0.751840,STAINES,51.432930,-0.502430,26.0
SN_TAT_PUR,Southern,TATTENHAM CORNER,51.308820,-0.242480,PURLEY,51.337390,-0.113612,26.0
SE_BKJ_BFR,Southeastern,BECKENHAM JUNCTION,51.411506,-0.027159,LONDON BLACKFRIARS,51.510787,-0.103576,25.7
LE_IPS_HPQ,Greater Anglia,IPSWICH,52.050591,1.144426,HARWICH INTERNATIONAL,51.947747,1.255114,25.5
SR_ARB_DEE,ScotRail,ARBROATH,56.559572,-2.588931,DUNDEE,56.452821,-2.988017,25.4
SR_MTH_LNK,ScotRail,MOTHERWELL,55.791883,-3.995197,LANARK,55.673073,-3.772868,25.3
LE_FLX_IPS,Greater Anglia,FELIXSTOWE,51.967493,1.352651,IPSWICH,52.050591,1.144426,25.2
QC_DUO_GXX,QC,DUNOON,55.946778,-4.924137,GOUROCK PIER,55.962810,-4.814770,25.1
LE_IPS_FLX,Greater Anglia,IPSWICH,52.050591,1.144426,FELIXSTOWE,51.967493,1.352651,25.0
QC_GXX_DUO,QC,GOUROCK PIER,55.962810,-4.814770,DUNOON,55.946778,-4.924137,25.0
ME_HNX_SDL,Merseyrail,HUNTS CROSS,53.360597,-2.856445,SANDHILLS,53.429663,-2.991785,25.0
NT_SHF_BNY,Northern,SHEFFIELD,53.378646,-1.463308,BARNSLEY,53.553987,-1.477697,25.0
NT_LAN_CNF,Northern,LANCASTER,54.048546,-2.807912,CARNFORTH,54.129676,-2.771232,25.0
NT_HUD_BGH,Northern,HUDDERSFIELD,53.648412,-1.785145,BRIGHOUSE,53.698739,-1.781859,25.0
NT_SPT_SYB,Northern,STOCKPORT,53.404908,-2.162409,STALYBRIDGE,53.484100,-2.064760,25.0
CH_BAN_OXF,Chiltern Railways,BANBURY,52.060959,-1.327540,OXFORD,51.753133,-1.271275,25.0
NT_BGH_HUD,Northern,BRIGHOUSE,53.698739,-1.781859,HUDDERSFIELD,53.648412,-1.785145,25.0
CH_WEA_WRU,Chiltern Railways,WEST EALING,51.513203,-0.321096,WEST RUISLIP,51.569642,-0.435896,25.0
ME_SDL_HNX,Merseyrail,SANDHILLS,53.429663,-2.991785,HUNTS CROSS,53.360597,-2.856445,25.0
LE_WON_CLT,Greater Anglia,WALTON-ON-THE-NAZE,51.846649,1.268140,CLACTON-ON-SEA,51.794001,1.154092,25.0
NT_HAZ_MAN,Northern,HAZEL GROVE,53.377990,-2.123223,MANCHESTER PICCADILLY,53.476707,-2.228978,24.9
SR_MTH_GLC,ScotRail,MOTHERWELL,55.791883,-3.995197,GLASGOW CENT LL,55.858317,-4.259062,24.9
SR_AYR_KMK,ScotRail,AYR,55.458210,-4.626829,KILMARNOCK,55.612793,-4.498998,24.8
NT_MAN_MIA,Northern,MANCHESTER PICCADILLY,53.476707,-2.228978,MANCHESTER AIRPORT,53.361571,-2.268930,24.8
LM_BHM_FOK,West Midlands Trains,BIRMINGHAM NEW STREET,52.478184,-1.898364,FOUR OAKS,52.579687,-1.827294,24.8
GW_HOT_RDG,Great Western Railway,HENLEY-ON-THAMES,51.534459,-0.901359,READING,51.458684,-0.973708,24.7
SR_GLC_MTH,ScotRail,GLASGOW CENT LL,55.858317,-4.259062,MOTHERWELL,55.791883,-3.995197,24.6
NT_DAR_BIA,Northern,DARLINGTON,54.520446,-1.547324,BISHOP AUCKLAND,54.657463,-1.677558,24.6
NT_BDQ_LDS,Northern,BRADFORD FORSTER SQUARE,53.795753,-1.752513,LEEDS,53.795162,-1.549093,24.6
NT_MAN_HAZ,Northern,MANCHESTER PICCADILLY,53.476707,-2.228978,HAZEL GROVE,53.377990,-2.123223,24.4
SR_DEE_ARB,ScotRail,DUNDEE,56.452821,-2.988017,ARBROATH,56.559572,-2.588931,24.4
NT_NCL_PRU,Northern,NEWCASTLE,54.968221,-1.617282,PRUDHOE,54.966050,-1.864084,24.3
GW_DID_RDG,Great Western Railway,DIDCOT PARKWAY,51.610892,-1.243227,READING,51.458684,-0.973708,24.2
SW_FNH_GLD,South Western Railway,FARNHAM,51.211478,-0.793097,GUILDFORD,51.236968,-0.580425,24.1
NT_LDS_BDQ,Northern,LEEDS,53.795162,-1.549093,BRADFORD FORSTER SQUARE,53.795753,-1.752513,24.0
LM_DDG_BSW,West Midlands Trains,DORRIDGE,52.371888,-1.753195,BIRMINGHAM SNOW HILL,52.483579,-1.899824,24.0
NT_YRK_SBY,Northern,YORK,53.957964,-1.093182,SELBY,53.783366,-1.063560,24.0
LO_SQE_HHY,London Overground,SURREY QUAYS,51.492791,-0.048141,HIGHBURY & ISLINGTON,51.545881,-0.105002,24.0
SR_KMK_AYR,ScotRail,KILMARNOCK,55.612793,-4.498998,AYR,55.458210,-4.626829,24.0
LM_FOK_BHM,West Midlands Trains,FOUR OAKS,52.579687,-1.827294,BIRMINGHAM NEW STREET,52.478184,-1.898364,24.0
SN_PUR_TAT,Southern,PURLEY,51.337390,-0.113612,TATTENHAM CORNER,51.308820,-0.242480,24.0
SE_GRV_MDW,Southeastern,GRAVESEND,51.441079,0.366960,MAIDSTONE WEST,51.269797,0.515852,24.0
SN_ECR_CAT,Southern,EAST CROYDON,51.375731,-0.093357,CATERHAM,51.282863,-0.078564,24.0
SW_FNH_WOK,South Western Railway,FARNHAM,51.211478,-0.793097,WOKING,51.318523,-0.557819,24.0
SR_DMR_HLC,ScotRail,DALMUIR,55.911742,-4.426989,HELENSBURGH CENTRAL,56.004207,-4.732758,24.0
LM_BSW_DDG,West Midlands Trains,BIRMINGHAM SNOW HILL,52.483579,-1.899824,DORRIDGE,52.371888,-1.753195,24.0
LO_NXG_WCY,London Overground,NEW CROSS GATE,51.475597,-0.041675,WEST CROYDON,51.378567,-0.101861,24.0
SN_HAV_BAA,Southern,HAVANT,50.854480,-0.982761,BARNHAM,50.831201,-0.639629,24.0
SR_HLC_DMR,ScotRail,HELENSBURGH CENTRAL,56.004207,-4.732758,DALMUIR,55.911742,-4.426989,24.0
SW_WIN_SOU,South Western Railway,WINCHESTER,51.067358,-1.320625,SOUTHAMPTON CENTRAL,50.907799,-1.413975,23.8
SR_ABD_INR,ScotRail,ABERDEEN,57.143057,-2.097477,INVERURIE,57.286267,-2.373228,23.8
SR_INR_ABD,ScotRail,INVERURIE,57.286267,-2.373228,ABERDEEN,57.143057,-2.097477,23.7
GW_PAD_GFD,Great Western Railway,LONDON PADDINGTON,51.516445,-0.176848,GREENFORD,51.542311,-0.344540,23.5
SR_BHC_DMR,ScotRail,BALLOCH,56.002932,-4.583485,DALMUIR,55.911742,-4.426989,23.4
NT_OXN_WDM,Northern,OXENHOLME LAKE DISTRICT,54.305237,-2.722260,WINDERMERE,54.380408,-2.903717,23.4
SW_RYP_PMH,South Western Railway,RYDE PIER HEAD,50.739881,-1.159561,PORTSMOUTH HARBOUR,50.796159,-1.108891,23.2
SW_GLD_FNH,South Western Railway,GUILDFORD,51.236968,-0.580425,FARNHAM,51.211478,-0.793097,23.1
SR_GLC_PLE,ScotRail,GLASGOW CENT LL,55.858317,-4.259062,POLLOKSHIELDS EAST,55.841054,-4.269241,23.1
GW_TRU_FAL,Great Western Railway,TRURO,50.263673,-5.062935,FALMOUTH DOCKS,50.151415,-5.055751,23.0
LO_CMD_SRA,London Overground,CAMDEN ROAD,51.541941,-0.139776,STRATFORD (LONDON),51.540613,-0.004275,23.0
LM_BSW_WTE,West Midlands Trains,BIRMINGHAM SNOW HILL,52.483579,-1.899824,WHITLOCKS END,52.391830,-1.851539,23.0
EM_LBO_LEI,East Midlands Railway,LOUGHBOROUGH,52.779351,-1.194958,LEICESTER,52.631423,-1.125275,23.0
SW_SAL_GIL,South Western Railway,SALISBURY,51.070968,-1.805843,GILLINGHAM (DORSET),51.033943,-2.272338,23.0
SW_KNG_SHP,South Western Railway,KINGSTON,51.412210,-0.301790,SHEPPERTON,51.397146,-0.447536,23.0
AW_NTH_YST,Transport for Wales,NEATH,51.662359,-3.807219,YSTRADGYNLAIS BUS STATION,51.777304,-3.758174,23.0
GW_MAI_MLW,Great Western Railway,MAIDENHEAD,51.518267,-0.723032,MARLOW,51.570897,-0.767732,23.0
SR_HYN_SPR,ScotRail,HYNDLAND,55.879753,-4.314668,SPRINGBURN,55.881316,-4.230019,23.0
GW_MLW_MAI,Great Western Railway,MARLOW,51.570897,-0.767732,MAIDENHEAD,51.518267,-0.723032,23.0
LM_LMS_SAV,West Midlands Trains,LEAMINGTON SPA,52.284931,-1.536718,STRATFORD-UPON-AVON,52.193797,-1.716145,23.0
GW_SIV_PNZ,Great Western Railway,ST IVES (CORNWALL),50.208823,-5.477153,PENZANCE,50.121686,-5.532398,22.9
NT_WDM_OXN,Northern,WINDERMERE,54.380408,-2.903717,OXENHOLME LAKE DISTRICT,54.305237,-2.722260,22.8
SR_DMR_BHC,ScotRail,DALMUIR,55.911742,-4.426989,BALLOCH,56.002932,-4.583485,22.6
SN_EPD_WCY,Southern,EPSOM DOWNS,51.321424,-0.243433,WEST CROYDON,51.378567,-0.101861,22.5
SR_GLC_PLW,ScotRail,GLASGOW CENT LL,55.858317,-4.259062,POLLOKSHIELDS WEST,55.837315,-4.277009,22.4
NT_MPT_NCL,Northern,MORPETH,55.162509,-1.682916,NEWCASTLE,54.968221,-1.617282,22.2
SR_EDA_HYM,ScotRail,EDINBURGH AIRPORT BUS/TRAM,55.947010,-3.361003,HAYMARKET,55.945806,-3.218449,22.2
LT_QPW_HRW,Elizabeth Line,QUEENS PARK (LONDON),51.533964,-0.204985,HARROW & WEALDSTONE,51.591621,-0.334086,22.1
LM_KNN_BHM,West Midlands Trains,KINGS NORTON,52.413481,-1.933797,BIRMINGHAM NEW STREET,52.478184,-1.898364,22.0
LE_HWC_MNG,Greater Anglia,HARWICH TOWN,51.944206,1.285420,MANNINGTREE,51.948860,1.045605,22.0
LO_NWX_DLJ,London Overground,NEW CROSS,51.476352,-0.033002,DALSTON JUNCTION,51.544513,-0.076215,22.0
LO_DLJ_NWX,London Overground,DALSTON JUNCTION,51.544513,-0.076215,NEW CROSS,51.476352,-0.033002,22.0
NT_MCV_RCD,Northern,MANCHESTER VICTORIA,53.487467,-2.242599,ROCHDALE,53.609857,-2.152616,22.0
NT_CFD_LDS,Northern,CASTLEFORD,53.724172,-1.355864,LEEDS,53.795162,-1.549093,22.0
LE_MNG_HWC,Greater Anglia,MANNINGTREE,51.948860,1.045605,HARWICH TOWN,51.944206,1.285420,22.0
SW_PMH_RYP,South Western Railway,PORTSMOUTH HARBOUR,50.796159,-1.108891,RYDE PIER HEAD,50.739881,-1.159561,22.0
AW_CLR_FGH,Transport for Wales,CLARBESTON ROAD,51.852238,-4.882132,FISHGUARD HARBOUR,52.011541,-4.985642,22.0
CH_AYS_AMR,Chiltern Railways,AYLESBURY,51.813271,-0.816258,AMERSHAM,51.673410,-0.607317,22.0
AW_FGH_CLR,Transport for Wales,FISHGUARD HARBOUR,52.011541,-4.985642,CLARBESTON ROAD,51.852238,-4.882132,22.0
SE_CBW_AFK,Southeastern,CANTERBURY WEST,51.284332,1.074562,ASHFORD INTERNATIONAL,51.143732,0.873597,22.0
SR_ANL_GLQ,ScotRail,ANNIESLAND,55.889507,-4.321646,GLASGOW QS LL,55.862055,-4.251288,21.7
SW_HAV_PMH,South Western Railway,HAVANT,50.854480,-0.982761,PORTSMOUTH HARBOUR,50.796159,-1.108891,21.5
SR_HYM_EDA,ScotRail,HAYMARKET,55.945806,-3.218449,EDINBURGH AIRPORT BUS/TRAM,55.947010,-3.361003,21.5
SE_BFR_BKJ,Southeastern,LONDON BLACKFRIARS,51.510787,-0.103576,BECKENHAM JUNCTION,51.411506,-0.027159,21.4
HX_PAD_HWV,Heathrow Express,LONDON PADDINGTON,51.516445,-0.176848,HEATHROW TERMINAL 5,51.471414,-0.488212,21.4
LT_HRW_QPW,Elizabeth Line,HARROW & WEALDSTONE,51.591621,-0.334086,QUEENS PARK (LONDON),51.533964,-0.204985,21.3
GW_PNZ_SIV,Great Western Railway,PENZANCE,50.121686,-5.532398,ST IVES (CORNWALL),50.208823,-5.477153,21.2
SR_GLC_BRR,ScotRail,GLASGOW CENT LL,55.858317,-4.259062,BARRHEAD,55.804488,-4.396371,21.1
ME_LVC_HBL,Merseyrail,LIVERPOOL CENTRAL,53.404598,-2.979168,HEADBOLT LANE,53.490763,-2.880167,21.0
XC_DBY_NOT,CrossCountry,DERBY,52.916608,-1.463086,NOTTINGHAM,52.948012,-1.145694,21.0
NT_NCL_MPT,Northern,NEWCASTLE,54.968221,-1.617282,MORPETH,55.162509,-1.682916,21.0
GN_AAP_MOG,Great Northern,ALEXANDRA PALACE,51.598281,-0.120148,MOORGATE,51.519563,-0.090239,21.0
SE_BKJ_VIC,Southeastern,BECKENHAM JUNCTION,51.411506,-0.027159,LONDON VICTORIA,51.495256,-0.144559,21.0
SR_MTH_CUB,ScotRail,MOTHERWELL,55.791883,-3.995197,CUMBERNAULD,55.941278,-3.982058,21.0
LT_ZET_RMD,Elizabeth Line,EARLS COURT UND,51.489773,-0.196638,RICHMOND (LONDON),51.462561,-0.301361,21.0
SW_SNS_WYB,South Western Railway,STAINES,51.432930,-0.502430,WEYBRIDGE,51.361306,-0.457366,21.0
VT_CTR_CRE,Avanti West Coast,CHESTER,53.196824,-2.880120,CREWE,53.089623,-2.432969,20.8
AW_CDF_CPH,Transport for Wales,CARDIFF CENTRAL,51.475239,-3.177755,CAERPHILLY,51.571942,-3.217770,20.6
HX_HWV_PAD,Heathrow Express,HEATHROW TERMINAL 5,51.471414,-0.488212,LONDON PADDINGTON,51.516445,-0.176848,20.5
LO_SRA_CMD,London Overground,STRATFORD (LONDON),51.540613,-0.004275,CAMDEN ROAD,51.541941,-0.139776,20.5
EM_LEI_LBO,East Midlands Railway,LEICESTER,52.631423,-1.125275,LOUGHBOROUGH,52.779351,-1.194958,20.5
ME_HNX_LVC,Merseyrail,HUNTS CROSS,53.360597,-2.856445,LIVERPOOL CENTRAL,53.404598,-2.979168,20.3
LO_CLJ_WIJ,London Overground,CLAPHAM JUNCTION,51.464186,-0.170293,WILLESDEN JUNCTION,51.530958,-0.244030,20.3
AW_CTR_CRE,Transport for Wales,CHESTER,53.196824,-2.880120,CREWE,53.089623,-2.432969,20.3
ME_HBL_LVC,Merseyrail,HEADBOLT LANE,53.490763,-2.880167,LIVERPOOL CENTRAL,53.404598,-2.979168,20.0
LE_MKT_SUY,Greater Anglia,MARKS TEY,51.880736,0.782327,SUDBURY (SUFFOLK),52.035629,0.735069,20.0
IL_RYR_SHN,Island Line,RYDE ST JOHNS ROAD,50.723675,-1.157018,SHANKLIN,50.633909,-1.179834,20.0
NT_LDS_CFD,Northern,LEEDS,53.795162,-1.549093,CASTLEFORD,53.724172,-1.355864,20.0
SE_HGR_CST,Southeastern,HITHER GREEN,51.452428,-0.000927,LONDON CANNON STREET,51.510577,-0.090615,20.0
GW_OXF_DID,Great Western Railway,OXFORD,51.753133,-1.271275,DIDCOT PARKWAY,51.610892,-1.243227,19.9
AW_CRE_CTR,Transport for Wales,CREWE,53.089623,-2.432969,CHESTER,53.196824,-2.880120,19.7
GW_YVJ_YVP,Great Western Railway,YEOVIL JUNCTION,50.924743,-2.613168,YEOVIL PEN MILL,50.944525,-2.613428,19.7
SR_BRR_GLC,ScotRail,BARRHEAD,55.804488,-4.396371,GLASGOW CENT LL,55.858317,-4.259062,19.6
LO_WIJ_CLJ,London Overground,WILLESDEN JUNCTION,51.530958,-0.244030,CLAPHAM JUNCTION,51.464186,-0.170293,19.4
SR_PCN_GLC,ScotRail,PAISLEY CANAL,55.840825,-4.422567,GLASGOW CENT LL,55.858317,-4.259062,19.4
CC_BKG_GRY,c2c,BARKING,51.540035,0.080783,GRAYS,51.476139,0.322691,19.3
GW_DID_OXF,Great Western Railway,DIDCOT PARKWAY,51.610892,-1.243227,OXFORD,51.753133,-1.271275,19.2
SR_GLQ_ANL,ScotRail,GLASGOW QS LL,55.862055,-4.251288,ANNIESLAND,55.889507,-4.321646,19.1
GW_NBY_BDW,Great Western Railway,NEWBURY,51.396479,-1.322950,BEDWYN,51.379765,-1.599072,19.1
LE_SUY_MKT,Greater Anglia,SUDBURY (SUFFOLK),52.035629,0.735069,MARKS TEY,51.880736,0.782327,19.0
SN_LIT_CCH,Southern,LITTLEHAMPTON,50.810294,-0.546557,CHICHESTER,50.831885,-0.783031,19.0
SE_SSS_SIT,Southeastern,SHEERNESS-ON-SEA,51.440614,0.758362,SITTINGBOURNE,51.342257,0.733782,19.0
SN_SUO_SRS,Southern,SUTTON (LONDON),51.360182,-0.190241,SELHURST,51.392759,-0.089775,19.0
AW_CPH_CDF,Transport for Wales,CAERPHILLY,51.571942,-3.217770,CARDIFF CENTRAL,51.475239,-3.177755,19.0
SN_TBD_RDH,Southern,THREE BRIDGES,51.116922,-0.161184,REDHILL,51.240183,-0.164869,19.0
IL_SHN_RYR,Island Line,SHANKLIN,50.633909,-1.179834,RYDE ST JOHNS ROAD,50.723675,-1.157018,19.0
LE_IPS_COL,Greater Anglia,IPSWICH,52.050591,1.144426,COLCHESTER,51.900524,0.894040,19.0
SR_PTK_SPR,ScotRail,PARTICK,55.869937,-4.310887,SPRINGBURN,55.881316,-4.230019,19.0
SE_RAM_MAR,Southeastern,RAMSGATE,51.340823,1.405779,MARGATE,51.384987,1.371683,19.0
AW_CDF_COY,Transport for Wales,CARDIFF CENTRAL,51.475239,-3.177755,CORYTON,51.520553,-3.230812,19.0
SE_SIT_SSS,Southeastern,SITTINGBOURNE,51.342257,0.733782,SHEERNESS-ON-SEA,51.440614,0.758362,18.9
SN_CCH_LIT,Southern,CHICHESTER,50.831885,-0.783031,LITTLEHAMPTON,50.810294,-0.546557,18.9
SN_LIT_BOG,Southern,LITTLEHAMPTON,50.810294,-0.546557,BOGNOR REGIS,50.786659,-0.676388,18.8
LE_COL_IPS,Greater Anglia,COLCHESTER,51.900524,0.894040,IPSWICH,52.050591,1.144426,18.8
LO_WIJ_RMD,London Overground,WILLESDEN JUNCTION,51.530958,-0.244030,RICHMOND (LONDON),51.462561,-0.301361,18.7
AW_COY_CDF,Transport for Wales,CORYTON,51.520553,-3.230812,CARDIFF CENTRAL,51.475239,-3.177755,18.7
LM_BHM_KNN,West Midlands Trains,BIRMINGHAM NEW STREET,52.478184,-1.898364,KINGS NORTON,52.413481,-1.933797,18.3
SW_WIM_CSS,South Western Railway,WIMBLEDON,51.421582,-0.206515,CHESSINGTON SOUTH,51.356549,-0.308158,18.2
SW_CSS_WIM,South Western Railway,CHESSINGTON SOUTH,51.356549,-0.308158,WIMBLEDON,51.421582,-0.206515,18.2
LM_BHI_BHM,West Midlands Trains,BIRMINGHAM INTERNATIONAL,52.451837,-1.724791,BIRMINGHAM NEW STREET,52.478184,-1.898364,18.2
SR_SPR_PTK,ScotRail,SPRINGBURN,55.881316,-4.230019,PARTICK,55.869937,-4.310887,18.1
SR_GLC_PCN,ScotRail,GLASGOW CENT LL,55.858317,-4.259062,PAISLEY CANAL,55.840825,-4.422567,18.1
EM_DBY_AMB,East Midlands Railway,DERBY,52.916608,-1.463086,AMBERGATE,53.060515,-1.480697,18.0
AW_CDF_NWP,Transport for Wales,CARDIFF CENTRAL,51.475239,-3.177755,NEWPORT (SOUTH WALES),51.595589,-2.998961,18.0
SW_AHT_GLD,South Western Railway,ALDERSHOT,51.246209,-0.760668,GUILDFORD,51.236968,-0.580425,18.0
GW_BTH_BRI,Great Western Railway,BATH SPA,51.378109,-2.356274,BRISTOL TEMPLE MEADS,51.449142,-2.581315,18.0
LM_WOS_GMV,West Midlands Trains,WORCESTER SHRUB HILL,52.194848,-2.210623,GREAT MALVERN,52.109197,-2.318271,18.0
SN_LWS_BTN,Southern,LEWES,50.870341,0.012441,BRIGHTON,50.829722,-0.141252,18.0
SW_WIM_EPS,South Western Railway,WIMBLEDON,51.421582,-0.206515,EPSOM,51.334391,-0.268778,18.0
LM_BHM_BHI,West Midlands Trains,BIRMINGHAM NEW STREET,52.478184,-1.898364,BIRMINGHAM INTERNATIONAL,52.451837,-1.724791,17.8
GW_BDW_NBY,Great Western Railway,BEDWYN,51.379765,-1.599072,NEWBURY,51.396479,-1.322950,17.6
SN_BTN_LWS,Southern,BRIGHTON,50.829722,-0.141252,LEWES,50.870341,0.012441,17.5
ME_LVC_HNX,Merseyrail,LIVERPOOL CENTRAL,53.404598,-2.979168,HUNTS CROSS,53.360597,-2.856445,17.5
AW_WRX_CTR,Transport for Wales,WREXHAM GENERAL,53.050230,-3.002443,CHESTER,53.196824,-2.880120,17.3
SW_GLD_AHT,South Western Railway,GUILDFORD,51.236968,-0.580425,ALDERSHOT,51.246209,-0.760668,17.0
LE_WTM_BTR,Greater Anglia,WITHAM,51.805746,0.641337,BRAINTREE,51.875064,0.556770,17.0
TL_HRH_TBD,Thameslink,HORSHAM,51.066236,-0.318764,THREE BRIDGES,51.116922,-0.161184,17.0
GW_CFN_BRI,Great Western Railway,CLIFTON DOWN,51.464273,-2.611737,BRISTOL TEMPLE MEADS,51.449142,-2.581315,17.0
GW_NTA_PGN,Great Western Railway,NEWTON ABBOT,50.529574,-3.599900,PAIGNTON,50.434724,-3.564313,17.0
CH_BIT_OXF,Chiltern Railways,BICESTER VILLAGE,51.893469,-1.148392,OXFORD,51.753133,-1.271275,17.0
LE_BTR_WTM,Greater Anglia,BRAINTREE,51.875064,0.556770,WITHAM,51.805746,0.641337,17.0
AW_SWA_LLE,Transport for Wales,SWANSEA,51.625144,-3.941546,LLANELLI,51.673447,-4.162007,17.0
CH_OXF_BIT,Chiltern Railways,OXFORD,51.753133,-1.271275,BICESTER VILLAGE,51.893469,-1.148392,17.0
LO_RMD_WIJ,London Overground,RICHMOND (LONDON),51.462561,-0.301361,WILLESDEN JUNCTION,51.530958,-0.244030,17.0
SN_BOG_LIT,Southern,BOGNOR REGIS,50.786659,-0.676388,LITTLEHAMPTON,50.810294,-0.546557,16.9
CH_AYS_PRR,Chiltern Railways,AYLESBURY,51.813271,-0.816258,PRINCES RISBOROUGH,51.717332,-0.843373,16.9
LM_SAA_WFJ,West Midlands Trains,ST ALBANS ABBEY,51.744611,-0.342950,WATFORD JUNCTION,51.663527,-0.396517,16.8
LM_WFJ_SAA,West Midlands Trains,WATFORD JUNCTION,51.663527,-0.396517,ST ALBANS ABBEY,51.744611,-0.342950,16.8
GW_YVP_YVJ,Great Western Railway,YEOVIL PEN MILL,50.944525,-2.613428,YEOVIL JUNCTION,50.924743,-2.613168,16.5
GW_BRI_BPW,Great Western Railway,BRISTOL TEMPLE MEADS,51.449142,-2.581315,BRISTOL PARKWAY,51.514064,-2.543233,16.5
HX_HXX_PAD,Heathrow Express,HEATHROW TERMINALS 2 & 3,51.472723,-0.450732,LONDON PADDINGTON,51.516445,-0.176848,16.0
LM_COV_LMS,West Midlands Trains,COVENTRY,52.400812,-1.513460,LEAMINGTON SPA,52.284931,-1.536718,16.0
LE_BXB_HFE,Greater Anglia,BROXBOURNE,51.745759,-0.011181,HERTFORD EAST,51.799837,-0.072617,16.0
CH_PRR_AYS,Chiltern Railways,PRINCES RISBOROUGH,51.717332,-0.843373,AYLESBURY,51.813271,-0.816258,16.0
XR_PAD_HAY,Elizabeth Line,LONDON PADDINGTON,51.516445,-0.176848,HAYES & HARLINGTON,51.502879,-0.419452,16.0
SN_HRH_TBD,Southern,HORSHAM,51.066236,-0.318764,THREE BRIDGES,51.116922,-0.161184,16.0
LM_MKC_NMP,West Midlands Trains,MILTON KEYNES CENTRAL,52.034039,-0.775450,NORTHAMPTON,52.236734,-0.907536,16.0
SW_SNS_WNR,South Western Railway,STAINES,51.432930,-0.502430,WINDSOR & ETON RIVERSIDE,51.486359,-0.605821,15.8
NT_LAN_MCM,Northern,LANCASTER,54.048546,-2.807912,MORECAMBE,54.071440,-2.875597,15.2
TP_MAN_MIA,TransPennine Express,MANCHESTER PICCADILLY,53.476707,-2.228978,MANCHESTER AIRPORT,53.361571,-2.268930,15.2
AW_CTR_WRX,Transport for Wales,CHESTER,53.196824,-2.880120,WREXHAM GENERAL,53.050230,-3.002443,15.1
NT_DHN_HUD,Northern,DEIGHTON,53.669020,-1.751742,HUDDERSFIELD,53.648412,-1.785145,15.0
TP_HUD_BGH,TransPennine Express,HUDDERSFIELD,53.648412,-1.785145,BRIGHOUSE,53.698739,-1.781859,15.0
NT_HRS_LDS,Northern,HORSFORTH,53.847570,-1.630610,LEEDS,53.795162,-1.549093,15.0
LE_MRW_SRA,Greater Anglia,MERIDIAN WATER,51.610630,-0.050312,STRATFORD (LONDON),51.540613,-0.004275,15.0
LO_NXG_CYP,London Overground,NEW CROSS GATE,51.475597,-0.041675,CRYSTAL PALACE,51.417663,-0.072916,15.0
TP_BGH_HUD,TransPennine Express,BRIGHOUSE,53.698739,-1.781859,HUDDERSFIELD,53.648412,-1.785145,15.0
GW_FIT_BRI,Great Western Railway,FILTON ABBEY WOOD,51.509481,-2.561910,BRISTOL TEMPLE MEADS,51.449142,-2.581315,14.8
NT_BEV_HUL,Northern,BEVERLEY,53.842284,-0.423892,HULL,53.743271,-0.347231,14.7
NT_MCM_LAN,Northern,MORECAMBE,54.071440,-2.875597,LANCASTER,54.048546,-2.807912,14.5
GW_PGN_NTA,Great Western Railway,PAIGNTON,50.434724,-3.564313,NEWTON ABBOT,50.529574,-3.599900,14.5
GW_BRI_FIT,Great Western Railway,BRISTOL TEMPLE MEADS,51.449142,-2.581315,FILTON ABBEY WOOD,51.509481,-2.561910,14.1
SN_CLJ_SPB,Southern,CLAPHAM JUNCTION,51.464186,-0.170293,SHEPHERDS BUSH,51.505382,-0.217636,14.0
LM_LMS_COV,West Midlands Trains,LEAMINGTON SPA,52.284931,-1.536718,COVENTRY,52.400812,-1.513460,14.0
TP_MIA_MAN,TransPennine Express,MANCHESTER AIRPORT,53.361571,-2.268930,MANCHESTER PICCADILLY,53.476707,-2.228978,14.0
GN_FPK_MOG,Great Northern,FINSBURY PARK,51.564776,-0.105659,MOORGATE,51.519563,-0.090239,14.0
ME_CTR_HOO,Merseyrail,CHESTER,53.196824,-2.880120,HOOTON,53.296750,-2.976699,14.0
SN_BAL_VIC,Southern,BALHAM,51.443223,-0.152424,LONDON VICTORIA,51.495256,-0.144559,14.0
LM_GMV_WOS,West Midlands Trains,GREAT MALVERN,52.109197,-2.318271,WORCESTER SHRUB HILL,52.194848,-2.210623,14.0
LE_SRA_MRW,Greater Anglia,STRATFORD (LONDON),51.540613,-0.004275,MERIDIAN WATER,51.610630,-0.050312,14.0
SN_GTW_RDH,Southern,GATWICK AIRPORT,51.156489,-0.161042,REDHILL,51.240183,-0.164869,14.0
SW_WNR_SNS,South Western Railway,WINDSOR & ETON RIVERSIDE,51.486359,-0.605821,STAINES,51.432930,-0.502430,13.9
LE_HPQ_MNG,Greater Anglia,HARWICH INTERNATIONAL,51.947747,1.255114,MANNINGTREE,51.948860,1.045605,13.5
NT_MCV_SYB,Northern,MANCHESTER VICTORIA,53.487467,-2.242599,STALYBRIDGE,53.484100,-2.064760,13.3
LO_CLJ_SPB,London Overground,CLAPHAM JUNCTION,51.464186,-0.170293,SHEPHERDS BUSH,51.505382,-0.217636,13.2
SW_AON_FNH,South Western Railway,ALTON,51.152001,-0.967656,FARNHAM,51.211478,-0.793097,13.0
XR_PAD_ZLW,Elizabeth Line,LONDON PADDINGTON,51.516445,-0.176848,WHITECHAPEL,51.519090,-0.061431,13.0
SN_SPB_CLJ,Southern,SHEPHERDS BUSH,51.505382,-0.217636,CLAPHAM JUNCTION,51.464186,-0.170293,13.0
TP_MAN_SYB,TransPennine Express,MANCHESTER PICCADILLY,53.476707,-2.228978,STALYBRIDGE,53.484100,-2.064760,13.0
NT_HUL_BEV,Northern,HULL,53.743271,-0.347231,BEVERLEY,53.842284,-0.423892,13.0
SW_POO_BMH,South Western Railway,POOLE,50.718626,-1.982949,BOURNEMOUTH,50.727541,-1.863935,13.0
NT_MBR_NNT,Northern,MIDDLESBROUGH,54.579073,-1.232614,NUNTHORPE,54.528334,-1.170212,12.6
NT_SYB_MCV,Northern,STALYBRIDGE,53.484100,-2.064760,MANCHESTER VICTORIA,53.487467,-2.242599,12.6
LE_TLS_WON,Greater Anglia,THORPE-LE-SOKEN,51.847748,1.162207,WALTON-ON-THE-NAZE,51.846649,1.268140,12.5
LO_SPB_CLJ,London Overground,SHEPHERDS BUSH,51.505382,-0.217636,CLAPHAM JUNCTION,51.464186,-0.170293,12.4
SW_SOU_ESL,South Western Railway,SOUTHAMPTON CENTRAL,50.907799,-1.413975,EASTLEIGH,50.968613,-1.350549,12.3
NT_NNT_MBR,Northern,NUNTHORPE,54.528334,-1.170212,MIDDLESBROUGH,54.579073,-1.232614,12.3
SN_RDH_GTW,Southern,REDHILL,51.240183,-0.164869,GATWICK AIRPORT,51.156489,-0.161042,12.2
GW_WEA_GFD,Great Western Railway,WEST EALING,51.513203,-0.321096,GREENFORD,51.542311,-0.344540,12.0
GW_TWY_HOT,Great Western Railway,TWYFORD,51.475655,-0.863894,HENLEY-ON-THAMES,51.534459,-0.901359,12.0
SW_BMH_POO,South Western Railway,BOURNEMOUTH,50.727541,-1.863935,POOLE,50.718626,-1.982949,12.0
AW_PEN_CDF,Transport for Wales,PENARTH,51.435713,-3.173861,CARDIFF CENTRAL,51.475239,-3.177755,12.0
SN_WCY_SUO,Southern,WEST CROYDON,51.378567,-0.101861,SUTTON (LONDON),51.360182,-0.190241,12.0
AW_CDF_CDB,Transport for Wales,CARDIFF CENTRAL,51.475239,-3.177755,CARDIFF BAY,51.466364,-3.166010,12.0
SW_KNG_TWI,South Western Railway,KINGSTON,51.412210,-0.301790,TWICKENHAM,51.450372,-0.329158,12.0
SW_NEM_BRS,South Western Railway,NEW MALDEN,51.403446,-0.256107,BERRYLANDS,51.398435,-0.282174,12.0
LE_WON_TLS,Greater Anglia,WALTON-ON-THE-NAZE,51.846649,1.268140,THORPE-LE-SOKEN,51.847748,1.162207,12.0
SR_LEU_SAO,ScotRail,LEUCHARS,56.375371,-2.893719,ST ANDREWS BUS,56.340946,-2.803942,12.0
GW_HOT_TWY,Great Western Railway,HENLEY-ON-THAMES,51.534459,-0.901359,TWYFORD,51.475655,-0.863894,12.0
NT_LDS_HRS,Northern,LEEDS,53.795162,-1.549093,HORSFORTH,53.847570,-1.630610,12.0
AW_CDF_PEN,Transport for Wales,CARDIFF CENTRAL,51.475239,-3.177755,PENARTH,51.435713,-3.173861,11.7
GW_SIV_SER,Great Western Railway,ST IVES (CORNWALL),50.208823,-5.477153,ST ERTH,50.171139,-5.443598,11.4
NT_MCE_NCL,Northern,METROCENTRE,54.958470,-1.662661,NEWCASTLE,54.968221,-1.617282,11.1
GW_GFD_WEA,Great Western Railway,GREENFORD,51.542311,-0.344540,WEST EALING,51.513203,-0.321096,11.1
LT_SBP_HRW,Elizabeth Line,STONEBRIDGE PARK,51.544011,-0.275255,HARROW & WEALDSTONE,51.591621,-0.334086,11.0
SR_EXG_RUT,ScotRail,EXHIBITION CENTRE (GLASGOW),55.860569,-4.283164,RUTHERGLEN,55.830400,-4.212732,11.0
GW_BNE_MAI,Great Western Railway,BOURNE END,51.576586,-0.711297,MAIDENHEAD,51.518267,-0.723032,11.0
LM_GMV_WOF,West Midlands Trains,GREAT MALVERN,52.109197,-2.318271,WORCESTER FOREGATE STREET,52.194829,-2.220863,11.0
SR_SAO_LEU,ScotRail,ST ANDREWS BUS,56.340946,-2.803942,LEUCHARS,56.375371,-2.893719,11.0
GW_MAI_BNE,Great Western Railway,MAIDENHEAD,51.518267,-0.723032,BOURNE END,51.576586,-0.711297,11.0
LT_QPW_SBP,Elizabeth Line,QUEENS PARK (LONDON),51.533964,-0.204985,STONEBRIDGE PARK,51.544011,-0.275255,11.0
NT_HSB_ELP,Northern,HELSBY,53.275787,-2.770767,ELLESMERE PORT,53.282107,-2.895371,10.5
GW_SER_SIV,Great Western Railway,ST ERTH,50.171139,-5.443598,ST IVES (CORNWALL),50.208823,-5.477153,10.5
SE_TON_TBW,Southeastern,TONBRIDGE,51.191192,0.269689,TUNBRIDGE WELLS,51.130177,0.262407,10.4
LT_SBP_QPW,Elizabeth Line,STONEBRIDGE PARK,51.544011,-0.275255,QUEENS PARK (LONDON),51.533964,-0.204985,10.3
NT_NCL_MCE,Northern,NEWCASTLE,54.968221,-1.617282,METROCENTRE,54.958470,-1.662661,10.1
QC_LAR_CUL,QC,LARGS,55.792591,-4.867888,CUMBRAE,55.780962,-4.903720,10.0
NT_RVN_DEW,Northern,RAVENSTHORPE,53.675966,-1.653305,DEWSBURY,53.692086,-1.633485,10.0
NT_ELP_HSB,Northern,ELLESMERE PORT,53.282107,-2.895371,HELSBY,53.275787,-2.770767,10.0
SE_TBW_TON,Southeastern,TUNBRIDGE WELLS,51.130177,0.262407,TONBRIDGE,51.191192,0.269689,10.0
AW_CDB_CDF,Transport for Wales,CARDIFF BAY,51.466364,-3.166010,CARDIFF CENTRAL,51.475239,-3.177755,10.0
QC_CUL_LAR,QC,CUMBRAE,55.780962,-4.903720,LARGS,55.792591,-4.867888,10.0
GW_AVN_SVB,Great Western Railway,AVONMOUTH,51.499745,-2.700091,SEVERN BEACH,51.559294,-2.664942,10.0
SW_LYP_BCU,South Western Railway,LYMINGTON PIER,50.758145,-1.529264,BROCKENHURST,50.816769,-1.574099,10.0
AW_XCF_RIA,Transport for Wales,CARDIFF AIR RIA,51.394306,-3.345285,RHOOSE CARDIFF INTL AIRPORT,51.387980,-3.347974,10.0
NT_CKL_WTH,Northern,CORKICKLE,54.541490,-3.582775,WHITEHAVEN,54.548616,-3.587689,10.0
NT_DEW_RVN,Northern,DEWSBURY,53.692086,-1.633485,RAVENSTHORPE,53.675966,-1.653305,10.0
SW_BCU_LYP,South Western Railway,BROCKENHURST,50.816769,-1.574099,LYMINGTON PIER,50.758145,-1.529264,10.0
NT_WTH_CKL,Northern,WHITEHAVEN,54.548616,-3.587689,CORKICKLE,54.541490,-3.582775,9.8
NT_SHY_BDQ,Northern,SHIPLEY,53.833544,-1.773563,BRADFORD FORSTER SQUARE,53.795753,-1.752513,9.3
GW_WSB_FRO,Great Western Railway,WESTBURY,51.266984,-2.199182,FROME,51.227181,-2.309280,9.0
GW_WSB_WMN,Great Western Railway,WESTBURY,51.266984,-2.199182,WARMINSTER,51.206774,-2.177450,9.0
LO_UPM_RMF,London Overground,UPMINSTER,51.559357,0.251906,ROMFORD,51.575067,0.181964,9.0
GW_FRO_WSB,Great Western Railway,FROME,51.227181,-2.309280,WESTBURY,51.266984,-2.199182,9.0
LO_RMF_UPM,London Overground,ROMFORD,51.575067,0.181964,UPMINSTER,51.559357,0.251906,9.0
SN_CLJ_VIC,Southern,CLAPHAM JUNCTION,51.464186,-0.170293,LONDON VICTORIA,51.495256,-0.144559,9.0
AW_LLD_LLJ,Transport for Wales,LLANDUDNO,53.320915,-3.827001,LLANDUDNO JUNCTION,53.283433,-3.808900,9.0
AW_LLJ_LLD,Transport for Wales,LLANDUDNO JUNCTION,53.283433,-3.808900,LLANDUDNO,53.320915,-3.827001,9.0
GW_RDH_GTW,Great Western Railway,REDHILL,51.240183,-0.164869,GATWICK AIRPORT,51.156489,-0.161042,8.6
CC_TBR_TIL,c2c,TILBURY RIVERSIDE,51.451918,0.364642,TILBURY TOWN,51.462930,0.353694,8.2
EM_COR_KET,East Midlands Railway,CORBY,52.488051,-0.689243,KETTERING,52.393214,-0.731734,8.0
SR_ALO_STG,ScotRail,ALLOA,56.117653,-3.790049,STIRLING,56.119063,-3.934890,8.0
EM_KET_COR,East Midlands Railway,KETTERING,52.393214,-0.731734,CORBY,52.488051,-0.689243,8.0
LE_COL_CET,Greater Anglia,COLCHESTER,51.900524,0.894040,COLCHESTER TOWN,51.885871,0.904725,7.2
SN_BOG_BAA,Southern,BOGNOR REGIS,50.786659,-0.676388,BARNHAM,50.831201,-0.639629,7.0
LE_CET_COL,Greater Anglia,COLCHESTER TOWN,51.885871,0.904725,COLCHESTER,51.900524,0.894040,7.0
SN_EPD_SUO,Southern,EPSOM DOWNS,51.321424,-0.243433,SUTTON (LONDON),51.360182,-0.190241,7.0
GW_MLW_BNE,Great Western Railway,MARLOW,51.570897,-0.767732,BOURNE END,51.576586,-0.711297,7.0
GW_BNE_MLW,Great Western Railway,BOURNE END,51.576586,-0.711297,MARLOW,51.570897,-0.767732,7.0
SW_SUR_HMC,South Western Railway,SURBITON,51.392458,-0.303959,HAMPTON COURT,51.402001,-0.342423,7.0
AW_RIA_XCF,Transport for Wales,RHOOSE CARDIFF INTL AIRPORT,51.387980,-3.347974,CARDIFF AIR RIA,51.394306,-3.345285,7.0
NT_BDQ_SHY,Northern,BRADFORD FORSTER SQUARE,53.795753,-1.752513,SHIPLEY,53.833544,-1.773563,7.0
SN_BAA_BOG,Southern,BARNHAM,50.831201,-0.639629,BOGNOR REGIS,50.786659,-0.676388,7.0
LT_GUN_RMD,Elizabeth Line,GUNNERSBURY,51.491863,-0.275784,RICHMOND (LONDON),51.462561,-0.301361,6.3
NT_DON_AWK,Northern,DONCASTER,53.521477,-1.140236,ADWICK,53.573001,-1.181476,6.0
LE_CBG_CMB,Greater Anglia,CAMBRIDGE,52.194558,0.137553,CAMBRIDGE NORTH,52.224758,0.158038,6.0
CH_AYS_AVP,Chiltern Railways,AYLESBURY,51.813271,-0.816258,AYLESBURY VALE PARKWAY,51.830795,-0.860787,6.0
IL_RYP_RYR,Island Line,RYDE PIER HEAD,50.739881,-1.159561,RYDE ST JOHNS ROAD,50.723675,-1.157018,6.0
GW_WNC_SLO,Great Western Railway,WINDSOR & ETON CENTRAL,51.482798,-0.608810,SLOUGH,51.512272,-0.592060,6.0
LT_RMD_GUN,Elizabeth Line,RICHMOND (LONDON),51.462561,-0.301361,GUNNERSBURY,51.491863,-0.275784,6.0
GW_SLO_WNC,Great Western Railway,SLOUGH,51.512272,-0.592060,WINDSOR & ETON CENTRAL,51.482798,-0.608810,6.0
IL_RYR_RYP,Island Line,RYDE ST JOHNS ROAD,50.723675,-1.157018,RYDE PIER HEAD,50.739881,-1.159561,6.0
SR_INB_IVA,ScotRail,INVERNESS AIRPORT BUS STANCE,57.539414,-4.064716,INVERNESS AIRPORT,57.535144,-4.051109,5.5
SR_IVA_INB,ScotRail,INVERNESS AIRPORT,57.535144,-4.051109,INVERNESS AIRPORT BUS STANCE,57.539414,-4.064716,5.1
SE_BMN_GRP,Southeastern,BROMLEY NORTH,51.408950,0.017308,GROVE PARK,51.430442,0.022570,5.0
SE_GRP_BMN,Southeastern,GROVE PARK,51.430442,0.022570,BROMLEY NORTH,51.408950,0.017308,5.0
GN_KGX_FPK,Great Northern,LONDON KINGS CROSS,51.530882,-0.122926,FINSBURY PARK,51.564776,-0.105659,5.0
SW_YVP_YVJ,South Western Railway,YEOVIL PEN MILL,50.944525,-2.613428,YEOVIL JUNCTION,50.924743,-2.613168,5.0
CH_AVP_AYS,Chiltern Railways,AYLESBURY VALE PARKWAY,51.830795,-0.860787,AYLESBURY,51.813271,-0.816258,5.0
SN_HOV_BTN,Southern,HOVE,50.835586,-0.170843,BRIGHTON,50.829722,-0.141252,4.0
SN_BTN_HOV,Southern,BRIGHTON,50.829722,-0.141252,HOVE,50.835586,-0.170843,4.0
AW_CDB_CDQ,Transport for Wales,CARDIFF BAY,51.466364,-3.166010,CARDIFF QUEEN STREET,51.482503,-3.170742,3.2
AW_CDQ_CDB,Transport for Wales,CARDIFF QUEEN STREET,51.482503,-3.170742,CARDIFF BAY,51.466364,-3.166010,3.2
LM_SBT_SBJ,West Midlands Trains,STOURBRIDGE TOWN,52.456565,-2.142704,STOURBRIDGE JUNCTION,52.447585,-2.133847,3.0
AW_CDF_CDQ,Transport for Wales,CARDIFF CENTRAL,51.475239,-3.177755,CARDIFF QUEEN STREET,51.482503,-3.170742,3.0
LM_SBJ_SBT,West Midlands Trains,STOURBRIDGE JUNCTION,52.447585,-2.133847,STOURBRIDGE TOWN,52.456565,-2.142704,3.0
CC_TIL_TBR,c2c,TILBURY TOWN,51.462930,0.353694,TILBURY RIVERSIDE,51.451918,0.364642,2.0
